GEOID,name,pgh_share,pop,pop_moe,pop_cv,households,households_moe,households_cv,median_age,median_age_moe,median_age_cv,under18_share,under18_share_moe,under18_share_cv,age65_share,age65_share_moe,age65_share_cv,white_nh_share,white_nh_share_moe,white_nh_share_cv,black_nh_share,black_nh_share_moe,black_nh_share_cv,asian_nh_share,asian_nh_share_moe,asian_nh_share_cv,hispanic_share,hispanic_share_moe,hispanic_share_cv,med_hh_income,med_hh_income_moe,med_hh_income_cv,per_capita_income,per_capita_income_moe,per_capita_income_cv,poverty_share,poverty_share_moe,poverty_share_cv,unemployment_rate,unemployment_rate_moe,unemployment_rate_cv,lfpr,lfpr_moe,lfpr_cv,bachelors_share,bachelors_share_moe,bachelors_share_cv,housing_units,housing_units_moe,housing_units_cv,vacancy_share,vacancy_share_moe,vacancy_share_cv,median_year_built,median_year_built_moe,median_year_built_cv,sfd_share,sfd_share_moe,sfd_share_cv,units_2_4_share,units_2_4_share_moe,units_2_4_share_cv,units_5_19_share,units_5_19_share_moe,units_5_19_share_cv,units_20plus_share,units_20plus_share_moe,units_20plus_share_cv,renter_share,renter_share_moe,renter_share_cv,renter_hh,renter_hh_moe,renter_hh_cv,owner_hh,owner_hh_moe,owner_hh_cv,pop_renter_share,pop_renter_share_moe,pop_renter_share_cv,med_gross_rent,med_gross_rent_moe,med_gross_rent_cv,med_home_value,med_home_value_moe,med_home_value_cv,rent_burden30_share,rent_burden30_share_moe,rent_burden30_share_cv,rent_burden50_share,rent_burden50_share_moe,rent_burden50_share_cv,owner_burden30_share,owner_burden30_share_moe,owner_burden30_share_cv,drive_alone_share,drive_alone_share_moe,drive_alone_share_cv,transit_share,transit_share_moe,transit_share_cv,walk_share,walk_share_moe,walk_share_cv,bike_share,bike_share_moe,bike_share_cv,wfh_share,wfh_share_moe,wfh_share_cv,no_vehicle_share,no_vehicle_share_moe,no_vehicle_share_cv
4200300724,Aleppo township,0.0,1747,264,0.092,904,130,0.087,74.8,9.4,0.076,0.1105,0.0245,0.135,0.5924,0.0693,0.071,0.9513,0.0427,0.027,0.0132,0.0194,0.894,0.0137,0.0182,0.805,0.0023,0.004,1.06,78750,23854,0.184,69215,15410,0.135,0.0544,0.031,0.346,0.1104,0.1059,0.583,0.3064,0.0421,0.083,0.4808,0.1084,0.137,1075,129,0.073,0.1591,0.0534,0.204,1995,5,0.002,0.3005,0.0485,0.098,0.0065,0.0134,1.25,0.0298,0.0154,0.315,0.4716,0.0993,0.128,0.5221,0.1013,0.118,472,114,0.147,432,71,0.1,0.458,0.1283,0.17,3501,,,291100,27741,0.058,0.4513,0.1442,0.194,0.3263,0.1082,0.202,0.3218,0.098,0.185,0.7071,0.0844,0.073,0.0,0.0286,,0.0,0.0286,,0.0,0.0286,,0.2167,0.0616,0.173,0.2323,0.1096,0.287
4200303320,Aspinwall borough,0.0,2843,31,0.007,1192,115,0.059,35.8,2.6,0.044,0.3025,0.0709,0.142,0.1273,0.0332,0.158,0.8597,0.0991,0.07,0.0106,0.0134,0.77,0.1231,0.0992,0.49,0.0021,0.0039,1.114,107000,32054,0.182,64125,9892,0.094,0.0328,0.0201,0.373,0.0266,0.0197,0.452,0.7372,0.0577,0.048,0.7559,0.1079,0.087,1374,140,0.062,0.1325,0.0745,0.342,1949,20,0.006,0.46,0.0754,0.1,0.262,0.0846,0.196,0.1492,0.0624,0.254,0.0036,0.0114,1.898,0.3784,0.0929,0.149,451,119,0.16,741,127,0.104,0.3408,0.109,0.194,1330,247,0.113,378800,57626,0.092,0.4412,0.1334,0.184,0.2572,0.1271,0.301,0.2254,0.129,0.348,0.4989,0.1023,0.125,0.0699,0.036,0.313,0.05,0.0304,0.37,0.0029,0.0066,1.366,0.2774,0.0624,0.137,0.125,0.0718,0.349
4200303608,Avalon borough,0.0,4674,23,0.003,2710,225,0.05,45.7,6.8,0.09,0.114,0.0396,0.211,0.246,0.0586,0.145,0.7848,0.0696,0.054,0.156,0.0687,0.268,0.027,0.0193,0.434,0.0195,0.0158,0.494,51250,8623,0.102,46775,7994,0.104,0.146,0.0555,0.231,0.0322,0.0195,0.368,0.6222,0.0629,0.061,0.3544,0.0602,0.103,2949,223,0.046,0.081,0.0416,0.312,1951,6,0.002,0.375,0.0502,0.081,0.1617,0.0485,0.182,0.12,0.0618,0.313,0.3164,0.0859,0.165,0.5856,0.0957,0.099,1587,291,0.111,1123,172,0.093,0.4735,0.0898,0.115,909,94,0.063,170500,27323,0.097,0.431,0.1239,0.175,0.2867,0.1138,0.241,0.2707,0.0935,0.21,0.5996,0.0714,0.072,0.0646,0.0535,0.504,0.0386,0.0497,0.783,0.0,0.005,,0.2126,0.0495,0.141,0.2306,0.0788,0.208
4200303928,Baldwin borough,0.0,21057,33,0.001,8855,356,0.024,41.8,2.1,0.031,0.1845,0.0256,0.084,0.226,0.0234,0.063,0.8049,0.0415,0.031,0.0337,0.0154,0.278,0.0842,0.026,0.188,0.0227,0.0132,0.353,80983,7079,0.053,41565,2282,0.033,0.0952,0.028,0.179,0.0193,0.011,0.346,0.6483,0.0287,0.027,0.3326,0.043,0.079,9570,390,0.025,0.0747,0.0241,0.196,1959,2,0.001,0.7492,0.029,0.024,0.0223,0.0119,0.326,0.0783,0.0251,0.195,0.096,0.0293,0.186,0.2216,0.0307,0.084,1962,283,0.088,6893,390,0.034,0.1839,0.0314,0.104,1066,79,0.045,208400,8320,0.024,0.396,0.107,0.164,0.2125,0.0794,0.227,0.1754,0.0363,0.126,0.7002,0.0353,0.031,0.0173,0.0087,0.307,0.0108,0.0074,0.419,0.0,0.002,,0.1595,0.0334,0.127,0.056,0.023,0.25
4200303932,Baldwin township,0.0,1987,355,0.109,849,98,0.07,39.8,6.4,0.098,0.226,0.0764,0.206,0.2033,0.0508,0.152,0.9884,0.0302,0.019,0.0,0.006,,0.0,0.006,,0.0,0.006,,89931,16740,0.113,42854,4946,0.07,0.0201,0.015,0.452,0.0313,0.0212,0.411,0.6558,0.0158,0.015,0.4118,0.0692,0.102,878,97,0.067,0.033,0.0282,0.52,1953,2,0.001,0.9533,0.0463,0.03,0.0159,0.0285,1.086,0.0,0.0193,,0.0,0.0193,,0.0448,0.0326,0.442,38,28,0.448,811,101,0.076,0.0242,0.016,0.404,950,694,0.444,199500,15619,0.048,0.3684,0.3575,0.59,0.1316,0.1566,0.724,0.2306,0.0985,0.26,0.6769,0.0888,0.08,0.0245,0.0191,0.475,0.0,0.0122,,0.0173,0.0151,0.531,0.2324,0.0639,0.167,0.0165,0.0143,0.525
4200305216,Bell Acres borough,0.0,1468,169,0.07,581,53,0.055,48.9,4.4,0.055,0.1873,0.0346,0.112,0.2459,0.0194,0.048,0.8583,0.1392,0.099,0.0204,0.0299,0.889,0.0177,0.0128,0.439,0.0129,0.0101,0.475,165987,21701,0.079,88417,9844,0.068,0.0497,0.0332,0.406,0.0185,0.0132,0.436,0.6588,0.0729,0.067,0.6503,0.0339,0.032,627,62,0.06,0.0734,0.0714,0.592,1962,4,0.001,0.9904,0.1369,0.084,0.0032,0.0197,3.759,0.0064,0.0207,1.975,0.0,0.0271,,0.0551,0.0323,0.357,32,19,0.361,549,57,0.063,0.0538,0.0349,0.394,1098,106,0.059,437500,66797,0.093,0.3125,0.7984,1.553,0.3125,0.4643,0.903,0.1694,0.0533,0.191,0.624,0.0214,0.021,0.0051,0.0063,0.753,0.0115,0.0139,0.736,0.0,0.0153,,0.312,0.0903,0.176,0.0361,0.0205,0.344
4200305312,Bellevue borough,0.0,8128,21,0.002,4053,260,0.039,37.2,1.9,0.031,0.1762,0.0334,0.115,0.1665,0.0325,0.119,0.8287,0.0418,0.031,0.0913,0.029,0.193,0.0086,0.0046,0.321,0.0173,0.0108,0.379,68827,5645,0.05,45846,4993,0.066,0.0944,0.0403,0.26,0.0469,0.0205,0.266,0.735,0.0491,0.041,0.4867,0.0514,0.064,4512,313,0.042,0.1017,0.0381,0.228,1938,,,0.3803,0.0383,0.061,0.236,0.0383,0.099,0.1795,0.0497,0.168,0.1314,0.038,0.176,0.5482,0.0595,0.066,2222,280,0.077,1831,192,0.064,0.4144,0.0579,0.085,973,47,0.029,213300,16117,0.046,0.3726,0.0768,0.125,0.1512,0.0476,0.191,0.2305,0.0787,0.208,0.6473,0.0618,0.058,0.0254,0.0166,0.396,0.0235,0.0131,0.338,0.0,0.0037,,0.2229,0.0397,0.108,0.1165,0.0337,0.176
4200305504,Ben Avon borough,0.0,1919,194,0.061,797,102,0.078,39.1,4.1,0.064,0.2402,0.0272,0.069,0.1688,0.0498,0.179,0.8395,0.0587,0.042,0.0625,0.0359,0.349,0.0083,0.0078,0.567,0.0412,0.0215,0.317,102869,12290,0.073,55561,4317,0.047,0.0724,0.0228,0.191,0.0385,0.0228,0.36,0.7438,0.1295,0.106,0.6409,0.1172,0.111,856,116,0.082,0.0689,0.0482,0.425,1938,,,0.7371,0.0808,0.067,0.1998,0.0617,0.188,0.0152,0.0214,0.858,0.0,0.0198,,0.3099,0.0502,0.098,247,51,0.126,550,89,0.098,0.2049,0.0364,0.108,1393,166,0.072,344700,16514,0.029,0.3765,0.1319,0.213,0.2227,0.0947,0.259,0.1782,0.0578,0.197,0.6035,0.0671,0.068,0.0471,0.026,0.335,0.0029,0.0049,1.011,0.002,0.0039,1.214,0.3091,0.0639,0.126,0.0477,0.0257,0.327
4200305520,Ben Avon Heights borough,0.0,304,51,0.102,107,17,0.097,43.2,6.9,0.097,0.2533,0.0462,0.111,0.1283,0.0364,0.172,0.9671,0.0427,0.027,0.0,0.0395,,0.0197,0.0161,0.496,0.0066,0.0098,0.906,234375,31606,0.082,89569,13668,0.093,0.0066,0.0092,0.854,0.0341,0.0393,0.7,0.7243,0.0353,0.03,0.8641,0.0214,0.015,111,18,0.099,0.036,0.0537,0.907,1938,,,0.991,0.0217,0.013,0.0,0.1529,,0.0,0.1529,,0.0,0.1529,,0.0,0.1121,,0,12,,107,17,0.097,0.0,0.0395,,,,,542500,70150,0.079,,,,,,,0.0561,0.2314,2.509,0.631,0.102,0.098,0.0,0.0714,,0.0,0.0714,,0.0,0.0714,,0.3333,0.0877,0.16,0.0093,0.1156,7.519
4200306064,Bethel Park municipality,0.0,32881,21,0.0,14829,571,0.023,48.8,1.6,0.02,0.1788,0.0172,0.058,0.2548,0.0212,0.05,0.9197,0.0219,0.014,0.0123,0.0082,0.404,0.0308,0.0138,0.273,0.0083,0.0044,0.319,107090,6511,0.037,55817,3171,0.035,0.0397,0.0114,0.175,0.0276,0.0089,0.196,0.6514,0.0185,0.017,0.5348,0.0336,0.038,15672,558,0.022,0.0538,0.0159,0.18,1965,2,0.001,0.7307,0.0276,0.023,0.0165,0.0092,0.339,0.0725,0.0205,0.171,0.1228,0.0211,0.104,0.236,0.0282,0.073,3499,439,0.076,11330,560,0.03,0.1561,0.0205,0.08,1311,71,0.033,273400,11111,0.025,0.4104,0.0607,0.09,0.1983,0.0515,0.158,0.1346,0.0301,0.136,0.6447,0.0299,0.028,0.0442,0.0103,0.141,0.0092,0.0048,0.32,0.0,0.0014,,0.2394,0.0351,0.089,0.0527,0.0139,0.16
4200307000,Blawnox borough,0.0,1439,191,0.081,910,144,0.096,53.8,6.5,0.073,0.1098,0.0481,0.266,0.3377,0.0958,0.173,0.8471,0.0445,0.032,0.0028,0.0042,0.908,0.1091,0.0779,0.434,0.0,0.0083,,60333,15555,0.157,47211,6690,0.086,0.1668,0.0805,0.293,0.025,0.0348,0.846,0.6116,0.0325,0.032,0.5086,0.1153,0.138,985,134,0.083,0.0761,0.0487,0.388,1953,8,0.002,0.2883,0.0653,0.138,0.135,0.0731,0.329,0.1716,0.0679,0.241,0.1949,0.0913,0.285,0.589,0.1279,0.132,536,144,0.163,374,74,0.12,0.517,0.1079,0.127,807,98,0.074,173000,23775,0.084,0.334,0.1479,0.269,0.1604,0.0827,0.313,0.0882,0.0795,0.548,0.691,0.0824,0.072,0.059,0.0673,0.694,0.0346,0.029,0.509,0.0,0.0154,,0.1449,0.0488,0.205,0.1989,0.1083,0.331
4200307976,Brackenridge borough,0.0,3167,30,0.006,1533,166,0.066,46.7,3.4,0.044,0.1648,0.0511,0.188,0.1819,0.0442,0.148,0.8623,0.0728,0.051,0.0906,0.0622,0.417,0.0,0.0038,,0.0231,0.0246,0.65,50197,14075,0.17,31366,3418,0.066,0.1513,0.0735,0.295,0.0186,0.022,0.718,0.6372,0.0747,0.071,0.1456,0.0654,0.273,1701,198,0.071,0.0988,0.06,0.37,1938,,,0.7343,0.0963,0.08,0.1493,0.0762,0.31,0.0347,0.041,0.718,0.0617,0.0408,0.401,0.3307,0.0918,0.169,507,151,0.181,1026,183,0.108,0.3019,0.1023,0.206,778,216,0.169,94800,23714,0.152,0.215,0.1456,0.412,0.0927,0.1191,0.781,0.2222,0.1087,0.297,0.7728,0.1343,0.106,0.0272,0.0294,0.658,0.0093,0.0154,1.01,0.0383,0.0348,0.552,0.0784,0.0386,0.299,0.122,0.0672,0.335
4200307992,Braddock borough,0.0,2039,661,0.197,710,146,0.125,31.5,10.9,0.21,0.3031,0.0545,0.109,0.1393,0.0634,0.277,0.0765,0.0383,0.304,0.7224,0.2156,0.181,0.0,0.0059,,0.0201,0.0297,0.898,37813,16598,0.267,15500,4555,0.179,0.2746,0.1203,0.266,0.3362,0.2331,0.422,0.6267,0.1704,0.165,0.0652,0.037,0.345,1017,127,0.076,0.3019,0.0855,0.172,1938,,,0.5624,0.1275,0.138,0.1711,0.0608,0.216,0.0737,0.0516,0.426,0.0442,0.0259,0.356,0.6507,0.176,0.164,462,157,0.207,248,66,0.162,0.5862,0.2765,0.287,689,242,0.214,50000,32274,0.392,0.632,0.2219,0.213,0.3074,0.1037,0.205,0.0605,0.1305,1.312,0.7054,0.1779,0.153,0.2201,0.0953,0.263,0.0191,0.0236,0.752,0.0,0.0208,,0.0087,0.0171,1.202,0.2873,0.0771,0.163
4200308008,Braddock Hills borough,0.0,1629,306,0.114,923,107,0.07,43.8,14.4,0.2,0.1639,0.0773,0.287,0.2437,0.0418,0.104,0.5887,0.0964,0.1,0.3272,0.1453,0.27,0.0153,0.0281,1.113,0.0061,0.0079,0.782,39981,10405,0.158,31633,4965,0.095,0.1418,0.0521,0.223,0.0125,0.0186,0.9,0.566,0.1158,0.124,0.2336,0.0598,0.156,999,92,0.056,0.0761,0.0465,0.372,1959,4,0.001,0.5846,0.0903,0.094,0.1471,0.0724,0.299,0.035,0.0277,0.481,0.2012,0.0551,0.166,0.4789,0.0854,0.108,442,94,0.129,481,79,0.1,0.4386,0.1244,0.172,477,337,0.429,129800,18226,0.085,0.3122,0.1432,0.279,0.138,0.1186,0.522,0.2599,0.1152,0.269,0.7234,0.0628,0.053,0.0318,0.035,0.669,0.0069,0.0095,0.837,0.0,0.0166,,0.2241,0.1181,0.32,0.2676,0.082,0.186
4200308064,Bradford Woods borough,0.0,1194,221,0.113,483,68,0.086,48.3,8.1,0.102,0.2563,0.0488,0.116,0.2546,0.066,0.158,0.9045,0.0789,0.053,0.0092,0.0091,0.597,0.0017,0.0025,0.905,0.0268,0.0229,0.52,153125,26284,0.104,74640,9585,0.078,0.0193,0.0146,0.459,0.0143,0.0084,0.356,0.6002,0.1019,0.103,0.7282,0.1433,0.12,498,64,0.078,0.0301,0.0359,0.725,1964,9,0.003,0.8012,0.0927,0.07,0.0221,0.0312,0.86,0.0382,0.0323,0.515,0.0,0.0341,,0.0435,0.0262,0.366,21,13,0.376,462,67,0.088,0.0193,0.0112,0.353,556,140,0.153,508300,49479,0.059,0.4286,1.0454,1.483,0.0,0.5714,,0.1212,0.0449,0.225,0.6375,0.1445,0.138,0.0091,0.0107,0.716,0.0219,0.0175,0.488,0.0,0.0219,,0.3115,0.0488,0.095,0.0497,0.025,0.306
4200308416,Brentwood borough,0.0,9866,19,0.001,4562,402,0.054,39.1,4.0,0.062,0.2399,0.0531,0.134,0.17,0.0379,0.135,0.7885,0.0795,0.061,0.1186,0.0536,0.275,0.0207,0.0182,0.536,0.001,0.0022,1.337,68904,13461,0.119,34285,3792,0.067,0.1911,0.0782,0.249,0.0496,0.0368,0.45,0.662,0.0591,0.054,0.3717,0.0676,0.111,4828,376,0.047,0.0551,0.0352,0.388,1950,4,0.001,0.565,0.0719,0.077,0.163,0.0506,0.189,0.063,0.0362,0.35,0.0934,0.0769,0.501,0.4204,0.0763,0.11,1918,387,0.123,2644,430,0.099,0.3878,0.0834,0.131,860,186,0.131,148400,13427,0.055,0.4677,0.1883,0.245,0.231,0.1111,0.292,0.222,0.0755,0.207,0.6353,0.0387,0.037,0.091,0.0429,0.287,0.0181,0.0165,0.553,0.0,0.0036,,0.1926,0.0601,0.19,0.1833,0.0837,0.278
4200308624,Bridgeville borough,0.0,4686,39,0.005,2503,135,0.033,43.1,3.0,0.042,0.1684,0.0389,0.14,0.229,0.0451,0.12,0.8726,0.0494,0.034,0.0457,0.0262,0.349,0.0,0.0026,,0.0092,0.0092,0.608,59981,12857,0.13,41218,4056,0.06,0.1162,0.0375,0.196,0.0751,0.0425,0.344,0.6394,0.0482,0.046,0.3271,0.0515,0.096,2782,164,0.036,0.1003,0.0464,0.281,1953,3,0.001,0.6697,0.0643,0.058,0.1082,0.0425,0.239,0.0971,0.0328,0.205,0.092,0.045,0.297,0.4003,0.0661,0.1,1002,174,0.106,1501,175,0.071,0.3543,0.0639,0.11,901,62,0.042,166400,17093,0.062,0.3623,0.1179,0.198,0.1447,0.0747,0.314,0.1526,0.0562,0.224,0.7168,0.0682,0.058,0.0148,0.0113,0.465,0.0258,0.021,0.495,0.0,0.0051,,0.1736,0.0359,0.126,0.1674,0.0708,0.257
4200311336,Carnegie borough,0.0,7978,61,0.005,4217,217,0.031,40.4,3.2,0.048,0.1655,0.0377,0.138,0.2141,0.0402,0.114,0.7966,0.0639,0.049,0.1019,0.0531,0.317,0.0273,0.0162,0.36,0.0218,0.0183,0.51,67656,11221,0.101,44498,4497,0.061,0.1166,0.0476,0.248,0.0355,0.0162,0.277,0.7382,0.0366,0.03,0.3663,0.0439,0.073,4527,259,0.035,0.0685,0.0278,0.247,1952,3,0.001,0.5264,0.0545,0.063,0.1297,0.0316,0.148,0.0433,0.022,0.309,0.1776,0.0417,0.143,0.465,0.0553,0.072,1961,254,0.079,2256,223,0.06,0.4273,0.0585,0.083,890,87,0.059,171500,14747,0.052,0.2932,0.0926,0.192,0.129,0.0626,0.295,0.215,0.0665,0.188,0.6484,0.0658,0.062,0.0466,0.0186,0.243,0.0208,0.0114,0.332,0.0032,0.0049,0.931,0.2148,0.0564,0.16,0.1117,0.0422,0.23
4200311680,Castle Shannon borough,0.0,8209,35,0.003,3788,257,0.041,40.0,3.0,0.046,0.1398,0.0317,0.138,0.1785,0.0343,0.117,0.8642,0.0328,0.023,0.0296,0.021,0.43,0.0298,0.0262,0.533,0.042,0.0277,0.4,64071,8312,0.079,40735,2961,0.044,0.1049,0.045,0.261,0.0036,0.0058,0.979,0.6953,0.0387,0.034,0.3705,0.0594,0.097,4087,278,0.041,0.0732,0.0359,0.298,1955,2,0.001,0.5647,0.0398,0.043,0.1275,0.044,0.21,0.1003,0.0442,0.268,0.136,0.0467,0.209,0.4089,0.0642,0.095,1549,265,0.104,2239,165,0.045,0.3148,0.0553,0.107,1126,117,0.063,190300,12532,0.04,0.3577,0.1274,0.217,0.1846,0.0826,0.272,0.142,0.0585,0.25,0.6529,0.0706,0.066,0.1307,0.0454,0.211,0.0197,0.018,0.556,0.0,0.0034,,0.1232,0.0329,0.162,0.1365,0.0601,0.268
4200312496,Chalfant borough,0.0,768,186,0.147,394,110,0.17,39.5,6.2,0.095,0.2135,0.0638,0.182,0.1667,0.0229,0.083,0.6875,0.089,0.079,0.2161,0.1221,0.343,0.0221,0.0255,0.7,0.0052,0.0103,1.207,59120,3921,0.04,34939,5169,0.09,0.0703,0.0501,0.433,0.0557,0.0508,0.554,0.683,0.1218,0.108,0.1823,0.0613,0.204,461,112,0.148,0.1453,0.0933,0.39,1956,3,0.001,0.7657,0.1276,0.101,0.2234,0.0652,0.177,0.0,0.0368,,0.0,0.0368,,0.4924,0.2012,0.248,194,96,0.301,200,61,0.185,0.3646,0.1273,0.212,799,128,0.097,120000,14817,0.075,0.4072,0.1192,0.178,0.1856,0.1432,0.469,0.18,0.1245,0.421,0.7518,0.1464,0.118,0.0442,0.0343,0.472,0.0098,0.0144,0.893,0.0,0.0295,,0.0958,0.0569,0.361,0.0533,0.0517,0.59
4200313392,Cheswick borough,0.0,1661,220,0.081,780,83,0.065,46.9,4.8,0.062,0.1541,0.0354,0.14,0.2938,0.0363,0.075,0.9127,0.1572,0.105,0.0018,0.0024,0.807,0.0,0.0072,,0.0259,0.0257,0.603,75000,10482,0.085,40721,4626,0.069,0.068,0.0327,0.292,0.0891,0.0491,0.335,0.6411,0.0913,0.087,0.4227,0.0488,0.07,879,85,0.059,0.1126,0.0685,0.37,1955,2,0.001,0.8726,0.0235,0.016,0.0319,0.0217,0.413,0.0148,0.0265,1.089,0.0,0.0193,,0.2,0.0726,0.221,156,59,0.23,624,62,0.06,0.2024,0.1054,0.316,1148,161,0.085,196200,19354,0.06,0.2564,0.1707,0.405,0.1026,0.1018,0.604,0.117,0.061,0.317,0.7301,0.0353,0.029,0.0177,0.0212,0.728,0.0,0.0151,,0.0,0.0151,,0.1828,0.0592,0.197,0.0231,0.0188,0.494
4200313608,Churchill borough,0.0,3087,16,0.003,1357,148,0.066,46.4,15.0,0.197,0.2057,0.0692,0.204,0.2834,0.0541,0.116,0.7217,0.0754,0.063,0.126,0.0321,0.155,0.0298,0.0282,0.575,0.0528,0.035,0.403,106964,15200,0.086,62479,10076,0.098,0.0188,0.0132,0.428,0.0155,0.0143,0.559,0.67,0.0797,0.072,0.6109,0.1016,0.101,1376,149,0.066,0.0138,0.0159,0.701,1959,4,0.001,0.9746,0.035,0.022,0.0073,0.0139,1.166,0.0058,0.0128,1.343,0.0058,0.0134,1.4,0.0133,0.0154,0.706,18,21,0.709,1339,150,0.068,0.0172,0.0214,0.757,,,,234800,13845,0.036,0.0,1.3333,,0.0,0.6667,,0.1643,0.0722,0.267,0.5009,0.1326,0.161,0.0185,0.0178,0.586,0.0,0.0074,,0.0,0.0074,,0.4597,0.1052,0.139,0.0111,0.0159,0.874
4200313704,Clairton city,0.0,6044,22,0.002,2715,253,0.057,41.5,6.9,0.101,0.247,0.0516,0.127,0.2442,0.0471,0.117,0.4533,0.0665,0.089,0.4393,0.0842,0.117,0.0,0.0028,,0.0395,0.0218,0.336,36538,6080,0.101,26112,4025,0.094,0.3304,0.097,0.179,0.0822,0.0294,0.217,0.5242,0.0608,0.071,0.2124,0.0547,0.157,3592,305,0.052,0.2442,0.0407,0.101,1943,4,0.001,0.5941,0.0627,0.064,0.1183,0.0422,0.217,0.0573,0.0263,0.279,0.0468,0.0388,0.504,0.3893,0.0774,0.121,1057,232,0.133,1658,240,0.088,0.4247,0.0926,0.132,1009,248,0.149,66500,5784,0.053,0.6774,0.1972,0.177,0.4428,0.2042,0.28,0.2201,0.0709,0.196,0.6923,0.0526,0.046,0.0567,0.032,0.343,0.0018,0.0031,1.06,0.0,0.0076,,0.163,0.0693,0.258,0.1989,0.0835,0.255
4200315216,Collier township,0.0,8972,38,0.003,3928,215,0.033,49.7,3.4,0.042,0.176,0.0323,0.112,0.2731,0.0402,0.089,0.8825,0.0363,0.025,0.0343,0.025,0.442,0.0321,0.0172,0.325,0.0145,0.012,0.505,101824,13887,0.083,64696,6589,0.062,0.0309,0.0146,0.287,0.0214,0.0126,0.358,0.6364,0.0354,0.034,0.4886,0.0517,0.064,4115,246,0.036,0.0454,0.032,0.428,1998,6,0.002,0.6277,0.0582,0.056,0.0034,0.0073,1.312,0.0564,0.0243,0.262,0.0165,0.0113,0.416,0.181,0.0492,0.165,711,197,0.168,3217,242,0.046,0.1508,0.0417,0.168,1854,292,0.096,342900,22036,0.039,0.5007,0.1314,0.16,0.1941,0.0891,0.279,0.2313,0.0653,0.172,0.6748,0.0695,0.063,0.01,0.0089,0.542,0.0,0.0036,,0.0,0.0036,,0.2479,0.05,0.123,0.0262,0.0248,0.574
4200316144,Coraopolis borough,0.0,5417,45,0.005,2589,250,0.059,43.3,3.3,0.046,0.1493,0.045,0.183,0.2559,0.0453,0.108,0.7122,0.0799,0.068,0.1621,0.0779,0.292,0.0048,0.0054,0.678,0.0515,0.0268,0.316,63828,4381,0.042,38197,4015,0.064,0.1148,0.0499,0.264,0.0454,0.0286,0.383,0.6286,0.0628,0.061,0.321,0.0702,0.133,2930,255,0.053,0.1164,0.0523,0.273,1938,,,0.6345,0.0499,0.048,0.1143,0.045,0.239,0.0536,0.0307,0.348,0.156,0.0499,0.195,0.445,0.0619,0.085,1152,195,0.103,1437,219,0.093,0.3713,0.0931,0.152,902,75,0.051,169700,23064,0.083,0.3976,0.0935,0.143,0.2344,0.0693,0.18,0.2443,0.0921,0.229,0.6319,0.0381,0.037,0.0208,0.0139,0.405,0.0317,0.0287,0.549,0.0,0.006,,0.1827,0.0717,0.239,0.1418,0.0518,0.222
4200316848,Crafton borough,0.0,5961,22,0.002,3019,170,0.034,43.3,4.5,0.063,0.1746,0.0401,0.139,0.1993,0.0411,0.125,0.7906,0.0578,0.044,0.1017,0.0555,0.332,0.0292,0.031,0.646,0.0468,0.0248,0.322,64006,17005,0.162,46399,6261,0.082,0.0962,0.0348,0.22,0.0744,0.0341,0.278,0.6964,0.0627,0.055,0.3753,0.0698,0.113,3308,211,0.039,0.0874,0.0383,0.266,1938,,,0.4689,0.0543,0.07,0.2645,0.0577,0.133,0.1103,0.0446,0.246,0.0777,0.0346,0.271,0.4439,0.0674,0.092,1340,217,0.098,1679,199,0.072,0.3433,0.054,0.096,1019,78,0.047,201000,14897,0.045,0.5672,0.0994,0.107,0.3142,0.0782,0.151,0.1191,0.046,0.235,0.6896,0.1076,0.095,0.0594,0.037,0.378,0.0097,0.0109,0.683,0.0,0.0053,,0.2031,0.0479,0.143,0.1471,0.0446,0.184
4200317048,Crescent township,0.0,2141,295,0.084,975,128,0.08,53.7,6.1,0.069,0.1719,0.0387,0.137,0.2485,0.0404,0.099,0.8655,0.0477,0.034,0.0,0.0056,,0.028,0.0192,0.417,0.0514,0.0353,0.417,81992,8340,0.062,45843,5122,0.068,0.0481,0.0335,0.423,0.0663,0.0435,0.399,0.6351,0.0593,0.057,0.3109,0.071,0.139,1144,119,0.063,0.1477,0.0492,0.203,1963,4,0.001,0.9073,0.0515,0.035,0.0271,0.016,0.359,0.0044,0.0126,1.752,0.0,0.0148,,0.1241,0.0678,0.332,121,68,0.342,854,117,0.083,0.1133,0.0704,0.378,1215,204,0.102,195600,19272,0.06,0.4545,0.3384,0.453,0.2397,0.2082,0.528,0.2201,0.0902,0.249,0.688,0.062,0.055,0.0048,0.0076,0.968,0.0496,0.0587,0.719,0.0,0.0115,,0.2061,0.0554,0.163,0.0349,0.03,0.522
4200319576,Dormont borough,0.0,8063,29,0.002,4113,230,0.034,38.6,2.4,0.038,0.1558,0.0299,0.117,0.156,0.0269,0.105,0.8647,0.0342,0.024,0.0562,0.0268,0.29,0.003,0.0026,0.532,0.0402,0.0231,0.349,80526,3351,0.025,47888,3149,0.04,0.0795,0.033,0.252,0.0601,0.0306,0.309,0.7901,0.0283,0.022,0.5093,0.0505,0.06,4451,256,0.035,0.0759,0.0284,0.228,1938,,,0.5819,0.037,0.039,0.1964,0.0356,0.11,0.1218,0.0399,0.199,0.0148,0.011,0.45,0.3851,0.0511,0.081,1584,228,0.088,2529,184,0.044,0.2936,0.0396,0.082,1106,61,0.034,221800,11681,0.032,0.4754,0.1315,0.168,0.214,0.0975,0.277,0.17,0.0594,0.212,0.5236,0.0498,0.058,0.1029,0.0302,0.178,0.0397,0.0138,0.212,0.0,0.0033,,0.263,0.0374,0.087,0.1002,0.0313,0.19
4200319856,Dravosburg borough,0.0,1643,244,0.09,871,133,0.093,47.0,4.5,0.058,0.0949,0.0344,0.22,0.2532,0.0636,0.153,0.927,0.1933,0.127,0.0621,0.0583,0.571,0.0,0.0073,,0.0067,0.0103,0.935,51715,9374,0.11,35228,5154,0.089,0.1234,0.1044,0.515,0.0443,0.0271,0.372,0.6204,0.0316,0.031,0.1603,0.0556,0.211,983,124,0.077,0.1139,0.0614,0.328,1948,3,0.001,0.589,0.1008,0.104,0.1333,0.0908,0.414,0.1658,0.0479,0.176,0.0071,0.0165,1.412,0.4501,0.1415,0.191,392,137,0.212,479,59,0.075,0.3914,0.1274,0.198,634,95,0.091,93500,6187,0.04,0.3163,0.1832,0.352,0.2168,0.1895,0.531,0.1795,0.0915,0.31,0.5803,0.0149,0.016,0.1179,0.0843,0.434,0.0289,0.0331,0.697,0.0,0.0139,,0.1572,0.0932,0.36,0.1332,0.0893,0.408
4200320432,Duquesne city,0.0,5149,21,0.002,2221,265,0.073,38.6,4.6,0.072,0.2226,0.0548,0.15,0.1699,0.0377,0.135,0.3933,0.0858,0.133,0.4519,0.0845,0.114,0.0,0.0033,,0.0295,0.0359,0.74,44180,5758,0.079,25741,4164,0.098,0.2288,0.0676,0.18,0.0911,0.0341,0.227,0.5966,0.0484,0.049,0.1123,0.0393,0.213,3067,265,0.053,0.2758,0.0471,0.104,1946,4,0.001,0.625,0.0589,0.057,0.0701,0.0348,0.302,0.1523,0.0613,0.245,0.047,0.0277,0.359,0.5308,0.0388,0.044,1179,165,0.085,1042,209,0.122,0.5606,0.0795,0.086,739,92,0.076,63800,4840,0.046,0.419,0.1396,0.203,0.2426,0.104,0.261,0.0873,0.0703,0.489,0.3685,0.0868,0.143,0.2154,0.0855,0.241,0.0723,0.0777,0.653,0.0,0.0076,,0.2087,0.1508,0.439,0.4102,0.0743,0.11
4200321024,East Deer township,0.0,1389,148,0.065,639,83,0.079,47.1,2.6,0.034,0.2088,0.0318,0.092,0.1836,0.0423,0.14,0.923,0.041,0.027,0.0266,0.0214,0.489,0.0079,0.0064,0.493,0.0166,0.015,0.551,65625,12750,0.118,42176,8452,0.122,0.1284,0.0561,0.266,0.0476,0.0257,0.328,0.6687,0.0437,0.04,0.2708,0.1053,0.236,776,81,0.063,0.1765,0.0617,0.213,1954,4,0.001,0.6456,0.0693,0.065,0.1624,0.059,0.221,0.0064,0.0173,1.63,0.0322,0.0403,0.761,0.2817,0.0656,0.142,180,48,0.162,459,83,0.11,0.288,0.0661,0.14,840,149,0.108,106900,6801,0.039,0.4389,0.182,0.252,0.2722,0.0983,0.22,0.1242,0.0482,0.236,0.7795,0.0678,0.053,0.0309,0.022,0.433,0.0126,0.0125,0.602,0.007,0.0098,0.847,0.0787,0.0406,0.314,0.0454,0.0252,0.338
4200321444,East McKeesport borough,0.0,2002,236,0.072,1033,100,0.059,47.7,2.8,0.036,0.1049,0.0356,0.207,0.2582,0.0525,0.124,0.7767,0.0997,0.078,0.1583,0.0705,0.271,0.002,0.003,0.909,0.0055,0.0085,0.937,65907,9917,0.091,41119,6638,0.098,0.0949,0.0392,0.251,0.0795,0.0524,0.4,0.6179,0.0671,0.066,0.2193,0.0664,0.184,1137,91,0.049,0.0915,0.0416,0.276,1955,3,0.001,0.6236,0.0659,0.064,0.0985,0.0573,0.354,0.1117,0.0488,0.266,0.0387,0.0299,0.47,0.3417,0.0668,0.119,353,77,0.133,680,105,0.094,0.2662,0.0551,0.126,780,26,0.02,101100,13759,0.083,0.3513,0.1223,0.212,0.2295,0.0985,0.261,0.1338,0.0678,0.308,0.6089,0.0857,0.086,0.0559,0.0493,0.536,0.0,0.0116,,0.0,0.0116,,0.2351,0.0669,0.173,0.1239,0.0603,0.296
4200321712,East Pittsburgh borough,0.0,2121,443,0.127,806,116,0.087,32.3,7.6,0.143,0.3781,0.0983,0.158,0.0957,0.029,0.184,0.2254,0.0806,0.217,0.7303,0.1052,0.088,0.0,0.0057,,0.0,0.0057,,38561,13344,0.21,18670,3598,0.117,0.4537,0.1413,0.189,0.0285,0.0303,0.646,0.4662,0.1086,0.142,0.1978,0.0866,0.266,1005,100,0.06,0.198,0.0709,0.218,1944,5,0.002,0.4328,0.1114,0.156,0.2428,0.101,0.253,0.1015,0.0571,0.342,0.0597,0.0362,0.369,0.5868,0.1588,0.165,473,145,0.186,333,138,0.252,0.5021,0.1857,0.225,821,246,0.182,59600,30537,0.311,0.3573,0.1905,0.324,0.2622,0.1771,0.411,0.4745,0.2044,0.262,0.6286,0.2081,0.201,0.0746,0.0596,0.486,0.0365,0.0427,0.71,0.0,0.0183,,0.1689,0.084,0.302,0.3561,0.1136,0.194
4200322520,Edgewood borough,0.0,3077,24,0.005,1504,91,0.037,36.9,3.5,0.058,0.1683,0.0376,0.136,0.1534,0.0272,0.108,0.8274,0.0506,0.037,0.0767,0.0406,0.322,0.0292,0.0208,0.432,0.0257,0.0162,0.385,103203,9488,0.056,64373,6517,0.062,0.0533,0.0278,0.317,0.0443,0.0191,0.262,0.8137,0.0341,0.025,0.7511,0.064,0.052,1618,101,0.038,0.0705,0.0424,0.366,1938,,,0.6372,0.0655,0.062,0.1378,0.075,0.331,0.1564,0.0438,0.17,0.0136,0.0141,0.63,0.3757,0.0793,0.128,565,124,0.133,939,113,0.073,0.2922,0.0763,0.159,1150,105,0.056,327400,17466,0.032,0.3257,0.0864,0.161,0.115,0.0604,0.319,0.1704,0.0658,0.235,0.5377,0.047,0.053,0.0903,0.0296,0.199,0.0139,0.0124,0.541,0.0035,0.005,0.867,0.3284,0.0504,0.093,0.0545,0.023,0.256
4200322576,Edgeworth borough,0.0,1587,132,0.051,597,62,0.063,44.0,1.7,0.023,0.2659,0.0324,0.074,0.2136,0.0355,0.101,0.92,0.0357,0.024,0.0057,0.0069,0.741,0.0076,0.0082,0.657,0.0403,0.0256,0.386,202813,62253,0.187,122182,14527,0.072,0.0296,0.0151,0.309,0.0392,0.024,0.373,0.6151,0.0264,0.026,0.8119,0.0441,0.033,653,63,0.059,0.0858,0.0483,0.342,1943,5,0.002,0.9541,0.0337,0.021,0.0184,0.0229,0.758,0.0,0.026,,0.0138,0.0239,1.053,0.1039,0.0456,0.267,62,28,0.275,535,62,0.07,0.0683,0.0285,0.254,1438,650,0.275,820100,63621,0.047,0.0806,0.3519,2.652,0.0806,0.1069,0.806,0.1907,0.061,0.195,0.6243,0.0524,0.051,0.0057,0.0071,0.757,0.02,0.0127,0.385,0.0214,0.0242,0.686,0.3043,0.0589,0.118,0.0168,0.0134,0.486
4200322992,Elizabeth borough,0.0,1371,242,0.107,577,58,0.061,38.5,4.4,0.069,0.1911,0.0404,0.128,0.1648,0.0279,0.103,0.8249,0.1808,0.133,0.0467,0.0295,0.384,0.0022,0.0029,0.803,0.0759,0.065,0.521,51174,6192,0.074,31991,5054,0.096,0.1298,0.0358,0.168,0.0395,0.0227,0.349,0.6696,0.1665,0.151,0.2481,0.0658,0.161,652,60,0.056,0.115,0.0682,0.36,1938,,,0.6488,0.0639,0.06,0.1442,0.0575,0.243,0.0675,0.0349,0.314,0.0844,0.0621,0.448,0.3969,0.0808,0.124,229,52,0.138,348,45,0.079,0.2465,0.0452,0.111,758,44,0.035,108300,11707,0.066,0.179,0.0837,0.284,0.1397,0.0573,0.249,0.2184,0.0694,0.193,0.708,0.076,0.065,0.0741,0.0499,0.41,0.0228,0.0167,0.446,0.0,0.0171,,0.0855,0.036,0.256,0.1525,0.0665,0.265
4200323000,Elizabeth township,0.0,12690,53,0.003,5253,289,0.033,48.2,4.4,0.055,0.1892,0.0324,0.104,0.2295,0.0312,0.083,0.9186,0.0407,0.027,0.0262,0.0272,0.63,0.0284,0.0271,0.581,0.0054,0.0069,0.787,80589,12884,0.097,43327,4116,0.058,0.0565,0.0227,0.245,0.0309,0.0162,0.319,0.5798,0.0325,0.034,0.3038,0.0395,0.079,5769,328,0.035,0.0894,0.0299,0.203,1961,3,0.001,0.8797,0.0404,0.028,0.0085,0.0066,0.473,0.0418,0.0236,0.343,0.0026,0.0052,1.209,0.1144,0.0323,0.172,601,173,0.175,4652,314,0.041,0.1007,0.0384,0.232,1070,58,0.033,167000,6986,0.025,0.4842,0.2324,0.292,0.1165,0.1185,0.618,0.1763,0.0532,0.184,0.8065,0.0497,0.037,0.0,0.0033,,0.0124,0.0164,0.804,0.0,0.0033,,0.1227,0.0375,0.186,0.0432,0.0332,0.467
4200323616,Emsworth borough,0.0,2465,324,0.08,1112,106,0.058,41.5,5.3,0.078,0.2105,0.049,0.142,0.1688,0.0336,0.121,0.7858,0.078,0.06,0.0531,0.0342,0.391,0.002,0.004,1.213,0.1108,0.0695,0.381,64816,6692,0.063,35620,3588,0.061,0.1143,0.0584,0.31,0.032,0.0176,0.335,0.6034,0.0284,0.029,0.4164,0.0689,0.101,1176,94,0.049,0.0544,0.0389,0.434,1950,7,0.002,0.6429,0.0645,0.061,0.0748,0.0483,0.392,0.1675,0.0507,0.184,0.0782,0.0435,0.338,0.3579,0.0507,0.086,398,68,0.104,714,98,0.083,0.3265,0.071,0.132,1101,75,0.041,184200,24802,0.082,0.6131,0.1955,0.194,0.2161,0.1227,0.345,0.2255,0.0875,0.236,0.7466,0.0508,0.041,0.0111,0.0118,0.65,0.0043,0.0059,0.848,0.0,0.0102,,0.199,0.0644,0.197,0.0665,0.0356,0.325
4200324160,Etna borough,0.0,3364,20,0.004,1628,168,0.063,42.6,4.3,0.061,0.1587,0.0498,0.191,0.1998,0.0576,0.175,0.8918,0.047,0.032,0.0181,0.03,1.007,0.0048,0.0077,0.988,0.0342,0.0226,0.402,53654,15089,0.171,33091,4722,0.087,0.1784,0.082,0.28,0.0853,0.0526,0.375,0.6287,0.0575,0.056,0.2624,0.0657,0.152,1754,185,0.064,0.0718,0.0536,0.454,1942,7,0.002,0.6477,0.0495,0.046,0.1904,0.0727,0.232,0.0804,0.0597,0.451,0.0365,0.036,0.6,0.5227,0.0887,0.103,851,169,0.121,777,147,0.115,0.4628,0.0851,0.112,931,69,0.045,135800,34615,0.155,0.4959,0.1759,0.216,0.2597,0.1525,0.357,0.1441,0.0767,0.324,0.6867,0.0797,0.071,0.0532,0.0317,0.363,0.05,0.0427,0.519,0.0,0.0076,,0.1418,0.0513,0.22,0.1818,0.0753,0.252
4200325400,Fawn township,0.0,2197,309,0.085,928,113,0.074,45.0,3.1,0.042,0.2089,0.0506,0.147,0.2412,0.029,0.073,0.9404,0.0301,0.019,0.0,0.0055,,0.0168,0.0208,0.751,0.0,0.0055,,87674,16672,0.116,49123,9818,0.121,0.1088,0.0662,0.37,0.0695,0.0634,0.554,0.6429,0.0743,0.07,0.3325,0.0833,0.152,1017,104,0.062,0.0875,0.0453,0.315,1963,7,0.002,0.8987,0.0321,0.022,0.0138,0.0237,1.048,0.0,0.0167,,0.0,0.0167,,0.0981,0.0514,0.319,91,49,0.327,837,102,0.074,0.0815,0.0455,0.339,982,515,0.319,221200,17928,0.049,0.2747,0.3631,0.803,0.2747,0.2823,0.625,0.1804,0.0913,0.308,0.7535,0.0839,0.068,0.0,0.0112,,0.0065,0.0084,0.777,0.0,0.0112,,0.1709,0.0786,0.279,0.0248,0.0231,0.567
4200325904,Findlay township,0.0,6698,24,0.002,2850,290,0.062,41.6,4.8,0.07,0.1948,0.0457,0.142,0.1627,0.0394,0.147,0.8606,0.0955,0.067,0.0133,0.0167,0.765,0.0782,0.1017,0.79,0.0205,0.0206,0.612,110625,18022,0.099,51449,4866,0.057,0.0211,0.0135,0.389,0.0382,0.0437,0.697,0.6792,0.058,0.052,0.375,0.0761,0.123,2950,289,0.06,0.0339,0.0361,0.648,1984,6,0.002,0.7641,0.0752,0.06,0.0556,0.0331,0.362,0.0173,0.0178,0.627,0.0,0.0081,,0.2014,0.0722,0.218,574,214,0.227,2276,332,0.089,0.1701,0.0771,0.276,1007,421,0.254,257800,41915,0.099,0.4233,0.215,0.309,0.216,0.1222,0.344,0.1059,0.0482,0.277,0.7609,0.0951,0.076,0.0168,0.0188,0.679,0.0,0.0049,,0.0006,0.0017,1.823,0.1106,0.048,0.264,0.0053,0.0103,1.19
4200326592,Forest Hills borough,0.0,6286,25,0.002,3112,179,0.035,43.8,4.6,0.064,0.1529,0.0361,0.144,0.2326,0.0397,0.104,0.7695,0.0507,0.04,0.1236,0.0256,0.126,0.0065,0.0083,0.771,0.0482,0.0262,0.331,89688,6272,0.043,58488,9379,0.097,0.0432,0.0189,0.266,0.0752,0.0404,0.327,0.7159,0.037,0.031,0.5735,0.0655,0.069,3436,176,0.031,0.0943,0.0334,0.215,1949,4,0.001,0.7512,0.0338,0.027,0.0815,0.0337,0.252,0.0146,0.014,0.586,0.0681,0.0496,0.443,0.2474,0.0633,0.156,770,202,0.159,2342,134,0.035,0.1734,0.0429,0.151,1068,89,0.051,200700,15776,0.048,0.3909,0.2297,0.357,0.0818,0.0654,0.486,0.1503,0.0488,0.197,0.5606,0.0398,0.043,0.0638,0.029,0.276,0.0074,0.0091,0.746,0.0,0.0049,,0.2812,0.0578,0.125,0.0701,0.0309,0.268
4200326896,Forward township,0.0,3009,37,0.007,1368,109,0.048,51.9,3.7,0.043,0.1087,0.038,0.213,0.2722,0.0622,0.139,0.8857,0.0608,0.042,0.0007,0.0013,1.216,0.0,0.004,,0.0648,0.0532,0.499,67171,16918,0.153,40100,8964,0.136,0.0871,0.0513,0.358,0.0303,0.0295,0.591,0.4994,0.0369,0.045,0.144,0.0555,0.234,1440,108,0.046,0.05,0.0464,0.564,1949,7,0.002,0.8458,0.069,0.05,0.0194,0.0161,0.505,0.0,0.0118,,0.0,0.0118,,0.152,0.0676,0.27,208,94,0.275,1160,130,0.068,0.1719,0.0813,0.287,1120,57,0.031,166000,15513,0.057,0.1587,0.1498,0.574,0.024,0.0369,0.933,0.1741,0.0929,0.324,0.7931,0.1125,0.086,0.0,0.0092,,0.0,0.0092,,0.0,0.0092,,0.0674,0.0418,0.377,0.0387,0.034,0.533
4200327120,Fox Chapel borough,0.0,5246,24,0.003,1725,130,0.046,43.5,3.0,0.042,0.2848,0.0452,0.096,0.1843,0.0344,0.113,0.8709,0.0375,0.026,0.0044,0.0067,0.925,0.0499,0.0213,0.26,0.036,0.0231,0.389,243625,39371,0.098,127023,15783,0.076,0.0322,0.0237,0.447,0.0562,0.0242,0.261,0.6029,0.0365,0.037,0.8589,0.0767,0.054,1804,149,0.05,0.0438,0.0409,0.567,1969,4,0.001,0.9174,0.0329,0.022,0.0493,0.0462,0.57,0.0127,0.0215,1.027,0.0,0.0133,,0.0893,0.0476,0.324,154,83,0.328,1571,143,0.055,0.0807,0.0511,0.385,,,,900600,79391,0.054,0.0,0.2208,,0.0,0.1104,,0.24,0.0615,0.156,0.7105,0.0737,0.063,0.0,0.0075,,0.0191,0.015,0.478,0.0173,0.0199,0.7,0.2154,0.0544,0.154,0.0325,0.0267,0.5
4200327552,Franklin Park borough,0.0,15235,29,0.001,5399,263,0.03,41.3,1.3,0.019,0.2681,0.0287,0.065,0.1502,0.0208,0.084,0.7905,0.0355,0.027,0.0165,0.0211,0.78,0.1359,0.0303,0.135,0.0272,0.015,0.334,176875,20955,0.072,81684,6955,0.052,0.0066,0.0032,0.291,0.0448,0.0337,0.457,0.7306,0.0232,0.019,0.7713,0.0544,0.043,5661,267,0.029,0.0463,0.0289,0.379,1986,2,0.001,0.8161,0.0288,0.021,0.009,0.0113,0.76,0.0129,0.0086,0.406,0.0034,0.004,0.725,0.0852,0.029,0.207,460,158,0.209,4939,319,0.039,0.0765,0.0284,0.226,2330,474,0.124,485600,22439,0.028,0.4261,0.2728,0.389,0.1978,0.1624,0.499,0.0968,0.0292,0.183,0.6837,0.0398,0.035,0.0064,0.0066,0.631,0.0022,0.0026,0.709,0.0,0.0023,,0.2289,0.0355,0.094,0.0261,0.03,0.698
4200327608,Frazer township,0.0,1040,149,0.087,475,65,0.083,54.0,4.5,0.051,0.1462,0.0312,0.13,0.2538,0.0382,0.092,0.9673,0.0433,0.027,0.0,0.0115,,0.0087,0.0066,0.465,0.0067,0.0115,1.038,77625,19501,0.153,44089,7696,0.106,0.0808,0.0342,0.257,0.0209,0.0151,0.439,0.6291,0.0827,0.08,0.2338,0.0329,0.086,523,60,0.07,0.0918,0.0525,0.348,1955,2,0.001,0.8738,0.0702,0.049,0.0306,0.0381,0.757,0.0,0.0324,,0.0,0.0324,,0.1389,0.095,0.415,66,46,0.424,409,57,0.085,0.125,0.1003,0.488,918,394,0.261,186300,27200,0.089,0.0,0.3636,,0.0,0.1818,,0.2176,0.0612,0.171,0.7148,0.0508,0.043,0.0107,0.0141,0.801,0.0071,0.0088,0.75,0.0,0.0214,,0.148,0.0645,0.265,0.0653,0.0442,0.411
4200329432,Glassport borough,0.0,4368,21,0.003,1829,233,0.077,38.4,3.2,0.051,0.2228,0.0514,0.14,0.1786,0.0361,0.123,0.8727,0.0481,0.034,0.0387,0.0291,0.457,0.005,0.008,0.967,0.0462,0.0334,0.439,47803,8729,0.111,25134,3220,0.078,0.1594,0.0674,0.257,0.1499,0.0662,0.268,0.6508,0.0417,0.039,0.1111,0.0459,0.251,2067,248,0.073,0.1151,0.0584,0.308,1947,5,0.002,0.7896,0.0629,0.048,0.0856,0.0398,0.282,0.0295,0.0236,0.485,0.0305,0.0171,0.341,0.3636,0.0899,0.15,665,185,0.169,1164,164,0.086,0.3277,0.0793,0.147,849,113,0.081,82700,10294,0.076,0.3278,0.1566,0.29,0.1639,0.1512,0.561,0.2285,0.0941,0.25,0.6665,0.1422,0.13,0.0408,0.0442,0.658,0.0403,0.0368,0.555,0.0,0.0063,,0.067,0.0361,0.328,0.0842,0.0472,0.34
4200329592,Glenfield borough,0.0,199,46,0.141,86,23,0.163,39.6,10.2,0.157,0.1809,0.0811,0.273,0.196,0.1008,0.313,0.8995,0.0752,0.051,0.0,0.0603,,0.0,0.0603,,0.0302,0.0548,1.106,98750,35435,0.218,52200,12319,0.143,0.0251,0.0244,0.591,0.1154,0.084,0.443,0.7927,0.1659,0.127,0.3507,0.1686,0.292,100,25,0.152,0.14,0.1356,0.589,1945,11,0.003,0.87,0.0748,0.052,0.05,0.1384,1.682,0.0,0.1697,,0.0,0.1697,,0.1628,0.1448,0.541,14,13,0.564,72,21,0.177,0.1457,0.1262,0.527,1188,336,0.172,165400,19560,0.072,0.4286,1.5987,2.268,0.0,0.8571,,0.1667,0.3036,1.107,0.6522,0.1159,0.108,0.0,0.1043,,0.0087,0.0259,1.814,0.0,0.1043,,0.1478,0.0935,0.385,0.0,0.1973,
4200329732,Glen Osborne borough,0.0,585,109,0.113,196,31,0.096,41.1,6.9,0.102,0.2821,0.05,0.108,0.1761,0.0224,0.077,0.8444,0.2225,0.16,0.0957,0.1166,0.74,0.0103,0.0101,0.597,0.0068,0.0102,0.905,136000,51500,0.23,77886,11786,0.092,0.0243,0.0242,0.604,0.0504,0.0493,0.595,0.659,0.092,0.085,0.7302,0.0799,0.067,208,32,0.094,0.0577,0.0667,0.703,1941,9,0.003,0.9615,0.2066,0.131,0.0192,0.0644,2.037,0.0096,0.0594,3.759,0.0,0.0816,,0.0408,0.0351,0.523,8,7,0.532,188,32,0.103,0.0248,0.0208,0.509,,,,581700,76676,0.08,0.0,3.0,,0.0,1.5,,0.2181,0.1203,0.335,0.4498,0.0794,0.107,0.0074,0.0111,0.904,0.0595,0.0392,0.4,0.0149,0.0184,0.75,0.4089,0.1069,0.159,0.0816,0.0972,0.723
4200331256,Green Tree borough,0.0,4833,17,0.002,2432,169,0.042,42.8,5.6,0.08,0.1504,0.0369,0.149,0.2464,0.0602,0.149,0.8545,0.0564,0.04,0.0269,0.0211,0.477,0.0695,0.0397,0.347,0.0,0.0025,,92422,16920,0.111,52880,5015,0.058,0.0637,0.0352,0.336,0.0032,0.0053,1.012,0.684,0.0568,0.05,0.514,0.0772,0.091,2545,210,0.05,0.0444,0.0383,0.525,1962,4,0.001,0.8141,0.0754,0.056,0.0067,0.0123,1.121,0.042,0.0362,0.523,0.1371,0.0776,0.344,0.2488,0.0762,0.186,605,190,0.191,1827,275,0.092,0.227,0.0855,0.229,1729,273,0.096,251900,15312,0.037,0.2793,0.1525,0.332,0.1223,0.1334,0.663,0.191,0.0786,0.25,0.6767,0.0978,0.088,0.0343,0.0356,0.631,0.0039,0.0074,1.159,0.0,0.0042,,0.2592,0.0705,0.165,0.0761,0.0502,0.401
4200332328,Hampton township,0.0,18185,31,0.001,6809,304,0.027,41.6,2.9,0.042,0.245,0.0326,0.081,0.2008,0.0239,0.072,0.9209,0.0254,0.017,0.0026,0.003,0.698,0.0243,0.0138,0.346,0.0225,0.0143,0.386,134156,11258,0.051,66141,5976,0.055,0.0393,0.0187,0.289,0.0259,0.012,0.282,0.692,0.033,0.029,0.6534,0.0599,0.056,7290,329,0.027,0.066,0.0303,0.279,1978,4,0.001,0.7742,0.022,0.017,0.0075,0.0118,0.951,0.0776,0.0258,0.202,0.0427,0.0253,0.361,0.1166,0.0265,0.138,794,184,0.141,6015,284,0.029,0.0808,0.0239,0.18,1379,107,0.047,371100,18497,0.03,0.4861,0.1627,0.203,0.2103,0.1351,0.39,0.1646,0.0506,0.187,0.7264,0.0354,0.03,0.0064,0.0049,0.465,0.0001,0.0005,3.039,0.0,0.002,,0.2124,0.0376,0.108,0.0335,0.0191,0.346
4200332624,Harmar township,0.0,3075,25,0.005,1597,115,0.044,59.8,2.7,0.027,0.1233,0.0379,0.187,0.3665,0.0643,0.107,0.9545,0.0231,0.015,0.0241,0.0166,0.419,0.0091,0.0114,0.76,0.0007,0.0013,1.216,65075,9937,0.093,50910,7873,0.094,0.1482,0.065,0.267,0.0265,0.0221,0.507,0.5276,0.0528,0.061,0.4611,0.0851,0.112,1663,126,0.046,0.0397,0.0341,0.523,1965,4,0.001,0.6266,0.0567,0.055,0.0409,0.0213,0.317,0.092,0.0476,0.315,0.0,0.0102,,0.2455,0.0529,0.131,392,89,0.138,1205,128,0.065,0.2058,0.0667,0.197,935,141,0.092,206200,30880,0.091,0.4286,0.1618,0.23,0.3342,0.1532,0.279,0.1942,0.0765,0.24,0.8118,0.0722,0.054,0.0159,0.0252,0.965,0.0303,0.0264,0.531,0.0,0.0087,,0.0995,0.0536,0.327,0.057,0.031,0.331
4200332832,Harrison township,0.0,9949,20,0.001,4594,303,0.04,49.9,4.1,0.05,0.1569,0.0333,0.129,0.2358,0.0368,0.095,0.9247,0.03,0.02,0.0328,0.0255,0.474,0.0198,0.0132,0.404,0.0092,0.0126,0.826,66316,7451,0.068,40249,4135,0.062,0.0994,0.0318,0.195,0.0269,0.016,0.363,0.618,0.0492,0.048,0.2804,0.046,0.1,5316,293,0.034,0.1358,0.0396,0.177,1954,3,0.001,0.7831,0.0414,0.032,0.0798,0.0311,0.237,0.0453,0.0239,0.321,0.0288,0.0189,0.399,0.2238,0.0419,0.114,1028,204,0.121,3566,305,0.052,0.1897,0.0468,0.15,873,107,0.075,154400,12228,0.048,0.4358,0.1194,0.167,0.214,0.0897,0.255,0.1377,0.0458,0.202,0.7942,0.0571,0.044,0.003,0.0043,0.89,0.0262,0.0152,0.352,0.0037,0.0067,1.086,0.1245,0.0345,0.169,0.0721,0.0241,0.204
4200333312,Haysville borough,0.0,99,51,0.313,42,18,0.261,60.8,11.6,0.116,0.0808,0.2491,1.874,0.404,0.2317,0.349,0.8788,0.1736,0.12,0.0,0.1212,,0.0,0.1212,,0.1111,0.1403,0.768,67778,22401,0.201,41404,17274,0.254,0.0101,0.1228,7.389,0.0263,0.0511,1.181,0.4176,0.2995,0.436,0.2584,0.1252,0.294,59,21,0.216,0.2881,0.214,0.451,1938,,,1.0,0.0,0.0,0.0,0.2876,,0.0,0.2876,,0.0,0.2876,,0.0238,0.0465,1.188,1,2,1.216,41,19,0.282,0.0202,0.0285,0.856,,,,163800,51805,0.192,1.0,20.7846,12.635,0.0,12.0,,0.0488,0.7775,9.689,0.5135,0.2068,0.245,0.0,0.3243,,0.0,0.3243,,0.0,0.3243,,0.4865,0.2597,0.324,0.0476,0.2938,3.751
4200333592,Heidelberg borough,0.0,1234,130,0.064,675,97,0.087,48.4,5.3,0.067,0.1272,0.026,0.124,0.2196,0.0365,0.101,0.9182,0.0475,0.031,0.0235,0.0193,0.499,0.0065,0.0064,0.605,0.0032,0.0032,0.605,67829,6303,0.056,50688,9127,0.109,0.081,0.036,0.27,0.0656,0.0412,0.382,0.6817,0.0624,0.056,0.2453,0.0547,0.135,761,81,0.065,0.113,0.0444,0.239,1948,7,0.002,0.6991,0.0563,0.049,0.1537,0.0832,0.329,0.0867,0.0444,0.311,0.0158,0.0112,0.431,0.3111,0.0514,0.1,210,46,0.133,465,94,0.123,0.2796,0.0587,0.128,954,54,0.034,150200,19985,0.081,0.219,0.1296,0.36,0.0905,0.0883,0.593,0.1333,0.0601,0.274,0.6594,0.0731,0.067,0.0673,0.0441,0.398,0.019,0.0158,0.505,0.0,0.0175,,0.1374,0.0574,0.254,0.0978,0.0336,0.209
4200335424,Homestead borough,0.0,2874,17,0.004,1416,257,0.11,49.2,13.7,0.169,0.1942,0.0764,0.239,0.2502,0.0691,0.168,0.3177,0.0852,0.163,0.5463,0.0967,0.108,0.0063,0.0087,0.844,0.0191,0.0261,0.829,39052,7332,0.114,29649,5439,0.112,0.1862,0.0706,0.23,0.0554,0.0537,0.59,0.5667,0.0876,0.094,0.1955,0.0632,0.197,1736,277,0.097,0.1843,0.0763,0.252,1952,12,0.004,0.4124,0.067,0.099,0.2022,0.0796,0.239,0.0714,0.0437,0.372,0.1745,0.0596,0.208,0.6589,0.0828,0.076,933,206,0.134,483,132,0.166,0.5568,0.1241,0.135,929,103,0.067,83900,17344,0.126,0.4587,0.128,0.17,0.1447,0.0738,0.31,0.0952,0.0778,0.497,0.5472,0.0938,0.104,0.1557,0.0678,0.265,0.0149,0.0202,0.823,0.0228,0.0271,0.723,0.1643,0.0652,0.241,0.2373,0.0869,0.223
4200336808,Indiana township,0.0,7309,22,0.002,2712,175,0.039,44.6,2.8,0.038,0.2085,0.0305,0.089,0.2047,0.0301,0.089,0.8555,0.0488,0.035,0.0241,0.0245,0.618,0.0564,0.0353,0.381,0.0183,0.0104,0.345,115375,23582,0.124,66865,8759,0.08,0.0469,0.0169,0.218,0.0235,0.0204,0.528,0.6081,0.0372,0.037,0.5725,0.0682,0.072,2915,166,0.035,0.0696,0.032,0.279,1974,10,0.003,0.8683,0.034,0.024,0.0477,0.0371,0.473,0.0041,0.0085,1.254,0.0172,0.0194,0.687,0.1678,0.049,0.177,455,136,0.182,2257,203,0.055,0.1364,0.0493,0.22,1316,105,0.049,379200,26426,0.042,0.3275,0.203,0.377,0.1385,0.1252,0.55,0.1936,0.0525,0.165,0.6864,0.0589,0.052,0.0031,0.0039,0.773,0.0144,0.0115,0.487,0.0,0.0048,,0.1975,0.0608,0.187,0.0365,0.0237,0.395
4200337000,Ingram borough,0.0,3299,44,0.008,1534,177,0.07,40.2,3.8,0.057,0.2261,0.0707,0.19,0.1704,0.0444,0.159,0.8036,0.0854,0.065,0.1055,0.0682,0.393,0.0136,0.0252,1.121,0.0124,0.0139,0.682,71154,22202,0.19,38349,5406,0.086,0.1345,0.0897,0.406,0.0369,0.0363,0.597,0.76,0.047,0.038,0.2589,0.0778,0.183,1534,177,0.07,0.0,0.0078,,1938,,,0.6721,0.0585,0.053,0.1134,0.0637,0.341,0.0776,0.0528,0.414,0.1037,0.0738,0.433,0.3957,0.1137,0.175,607,188,0.188,927,161,0.106,0.3065,0.1142,0.227,909,152,0.102,156800,14309,0.055,0.4415,0.1936,0.267,0.3114,0.1763,0.344,0.1607,0.0867,0.328,0.7093,0.0882,0.076,0.0396,0.0352,0.54,0.0122,0.0174,0.87,0.0,0.0063,,0.1453,0.0541,0.226,0.1499,0.0667,0.271
4200337955,Jefferson Hills borough,0.0,12317,44,0.002,4576,187,0.025,42.9,1.6,0.023,0.2226,0.0308,0.084,0.2229,0.0334,0.091,0.891,0.0237,0.016,0.0211,0.0118,0.339,0.0415,0.01,0.146,0.0182,0.0093,0.312,116064,13668,0.072,59405,6344,0.065,0.0277,0.01,0.22,0.0567,0.0266,0.285,0.6748,0.0324,0.029,0.4529,0.0568,0.076,4989,241,0.029,0.0828,0.0298,0.219,1980,4,0.001,0.8132,0.0562,0.042,0.0176,0.01,0.344,0.0477,0.0248,0.316,0.0142,0.0096,0.41,0.1569,0.0341,0.132,718,159,0.135,3858,234,0.037,0.1208,0.0366,0.184,1355,93,0.042,315900,27506,0.053,0.4053,0.1261,0.189,0.1894,0.088,0.282,0.1817,0.0552,0.185,0.7275,0.0548,0.046,0.0019,0.0019,0.607,0.0019,0.0022,0.709,0.0,0.003,,0.2025,0.0428,0.128,0.0483,0.029,0.365
4200339312,Kennedy township,0.0,8549,26,0.002,3722,223,0.036,49.0,4.5,0.056,0.1727,0.0341,0.12,0.2546,0.0378,0.09,0.8922,0.048,0.033,0.0564,0.0453,0.488,0.0092,0.009,0.593,0.0171,0.0132,0.47,87384,7165,0.05,48578,4765,0.06,0.0873,0.041,0.286,0.0212,0.017,0.486,0.6139,0.0584,0.058,0.4355,0.0557,0.078,3867,235,0.037,0.0375,0.0291,0.472,1969,5,0.002,0.7471,0.0384,0.031,0.0243,0.0203,0.509,0.0465,0.0187,0.244,0.0577,0.0298,0.314,0.1913,0.0678,0.216,712,256,0.219,3010,240,0.048,0.1618,0.0632,0.237,1613,250,0.094,247800,13875,0.034,0.3539,0.1163,0.2,0.2275,0.1227,0.328,0.1721,0.058,0.205,0.6615,0.0526,0.048,0.0114,0.0137,0.729,0.0,0.004,,0.0035,0.0061,1.052,0.2818,0.0707,0.153,0.0801,0.0376,0.285
4200339624,Kilbuck township,0.0,704,134,0.116,271,40,0.09,46.6,8.6,0.112,0.2031,0.0447,0.134,0.2472,0.0127,0.031,0.9446,0.058,0.037,0.0,0.017,,0.0057,0.0085,0.904,0.0057,0.0085,0.904,123875,13631,0.067,54464,7877,0.088,0.0227,0.0128,0.341,0.0347,0.0282,0.494,0.5966,0.053,0.054,0.4807,0.0172,0.022,279,40,0.087,0.0287,0.0211,0.448,1953,3,0.001,0.9892,0.021,0.013,0.0036,0.0436,7.395,0.0,0.0608,,0.0072,0.0443,3.759,0.0738,0.0353,0.29,20,10,0.304,251,42,0.102,0.0511,0.0252,0.299,1714,244,0.087,348400,27221,0.047,0.2,0.8718,2.65,0.0,0.6,,0.2629,0.0946,0.219,0.6979,0.0472,0.041,0.006,0.009,0.905,0.0,0.0363,,0.0,0.0363,,0.2356,0.0686,0.177,0.0369,0.0574,0.945
4200342368,Leet township,0.0,1530,266,0.106,651,155,0.145,42.3,8.2,0.118,0.2157,0.0634,0.179,0.1954,0.0109,0.034,0.8797,0.084,0.058,0.0157,0.0094,0.365,0.0118,0.0089,0.461,0.0327,0.016,0.298,93083,41026,0.268,51187,8704,0.103,0.0629,0.023,0.223,0.0382,0.0185,0.294,0.5514,0.1006,0.111,0.3978,0.0796,0.122,672,154,0.139,0.0312,0.0304,0.592,1956,14,0.004,0.8155,0.1961,0.146,0.1696,0.2341,0.839,0.0,0.0253,,0.0,0.0253,,0.232,0.2411,0.632,151,161,0.648,500,46,0.056,0.1784,0.1711,0.583,1106,91,0.05,254700,39946,0.095,0.6954,0.7383,0.645,0.0,0.0795,,0.218,0.0649,0.181,0.7152,0.0615,0.052,0.0,0.0188,,0.0047,0.0062,0.807,0.0,0.0188,,0.2081,0.0426,0.124,0.0445,0.0413,0.563
4200342392,Leetsdale borough,0.0,1096,143,0.079,558,67,0.073,44.3,1.7,0.023,0.1989,0.0505,0.154,0.26,0.0438,0.102,0.8066,0.0945,0.071,0.0484,0.0248,0.311,0.0082,0.0063,0.466,0.0374,0.0408,0.662,66346,17925,0.164,41941,5319,0.077,0.0575,0.0218,0.23,0.0478,0.0491,0.625,0.6236,0.0432,0.042,0.3717,0.0576,0.094,629,61,0.059,0.1129,0.0513,0.276,1938,,,0.5548,0.0788,0.086,0.1669,0.0687,0.25,0.0,0.027,,0.1049,0.0466,0.27,0.4301,0.0984,0.139,240,62,0.157,318,50,0.096,0.333,0.1094,0.2,959,216,0.137,156000,23061,0.09,0.2833,0.1036,0.222,0.0542,0.0392,0.44,0.1887,0.1233,0.397,0.7042,0.0825,0.071,0.0573,0.0469,0.498,0.0,0.0229,,0.0,0.0229,,0.1908,0.0664,0.212,0.1326,0.0611,0.28
4200343064,Liberty borough,0.0,2320,329,0.086,1060,140,0.08,47.6,4.7,0.06,0.2052,0.0576,0.171,0.2172,0.0222,0.062,0.9078,0.0342,0.023,0.0082,0.0111,0.827,0.0,0.0052,,0.0138,0.0197,0.87,73786,12877,0.106,39152,6499,0.101,0.1331,0.0805,0.368,0.0885,0.0884,0.607,0.6526,0.0965,0.09,0.2373,0.0831,0.213,1156,133,0.07,0.083,0.0404,0.296,1954,1,0.0,0.9256,0.0539,0.035,0.051,0.0322,0.383,0.0087,0.0166,1.166,0.0,0.0147,,0.2,0.1236,0.376,212,134,0.384,848,98,0.07,0.1561,0.1064,0.414,813,75,0.056,115600,10175,0.054,0.2123,0.1328,0.38,0.1651,0.1155,0.425,0.0743,0.0441,0.361,0.7801,0.0789,0.062,0.0182,0.018,0.6,0.0,0.0109,,0.0,0.0109,,0.1478,0.0644,0.265,0.0085,0.0093,0.664
4200343408,Lincoln borough,0.0,922,217,0.143,443,82,0.113,54.5,7.8,0.087,0.1258,0.064,0.309,0.2538,0.0779,0.187,0.9371,0.0911,0.059,0.0087,0.0107,0.746,0.0,0.013,,0.0347,0.0304,0.532,73750,14793,0.122,45183,14071,0.189,0.0564,0.0216,0.232,0.0265,0.0188,0.431,0.5545,0.0779,0.085,0.1784,0.0571,0.194,455,84,0.112,0.0264,0.037,0.854,1952,4,0.001,0.9429,0.0248,0.016,0.0066,0.0278,2.561,0.0,0.0373,,0.0,0.0373,,0.158,0.1576,0.606,70,71,0.617,373,38,0.062,0.0965,0.0778,0.49,941,34,0.022,135200,42103,0.189,0.0429,0.2992,4.244,0.0,0.1714,,0.1314,0.0626,0.29,0.8311,0.1257,0.092,0.0183,0.027,0.899,0.0068,0.009,0.796,0.0,0.0274,,0.0502,0.0244,0.295,0.0722,0.0487,0.41
4200345900,McCandless township,0.0,29100,25,0.001,12186,388,0.019,42.7,1.9,0.027,0.2021,0.0194,0.058,0.2223,0.0181,0.05,0.8487,0.0224,0.016,0.01,0.0055,0.334,0.0613,0.0181,0.18,0.0453,0.0149,0.2,110858,7973,0.044,62568,4541,0.044,0.0394,0.0103,0.159,0.0307,0.0106,0.21,0.6505,0.0202,0.019,0.62,0.0361,0.035,12874,390,0.018,0.0534,0.0188,0.214,1973,2,0.001,0.6554,0.0245,0.023,0.013,0.0055,0.256,0.1435,0.031,0.131,0.0883,0.0224,0.154,0.2825,0.0341,0.073,3442,430,0.076,8744,376,0.026,0.1995,0.0262,0.08,1326,84,0.039,350100,10785,0.019,0.4335,0.0721,0.101,0.1816,0.0522,0.175,0.1346,0.027,0.122,0.6359,0.0332,0.032,0.0227,0.0102,0.273,0.0134,0.0086,0.391,0.002,0.0027,0.81,0.2599,0.0284,0.066,0.0469,0.0139,0.18
4200346072,McDonald borough,0.0,437,253,0.352,211,101,0.291,38.9,8.9,0.139,0.0755,0.1021,0.822,0.2265,0.0651,0.175,1.0,0.0,0.0,0.0,0.0275,,0.0,0.0275,,0.0,0.0275,,61607,50435,0.498,46236,19004,0.25,0.135,0.1256,0.566,0.0,0.0469,,0.6337,0.4924,0.472,0.1887,0.1634,0.526,288,110,0.232,0.2674,0.2282,0.519,1938,,,0.8229,0.2463,0.182,0.0625,0.0845,0.822,0.0,0.0589,,0.0382,0.0827,1.316,0.109,0.1064,0.593,23,25,0.661,188,100,0.323,0.0984,0.0858,0.53,1697,340,0.122,98700,57732,0.356,0.6522,0.9983,0.931,0.4783,0.7506,0.954,0.3351,0.339,0.615,0.9336,0.1848,0.12,0.0,0.0469,,0.0195,0.0294,0.914,0.0,0.0469,,0.0195,0.0294,0.914,0.0521,0.1119,1.305
4200346256,McKeesport city,0.0,17380,31,0.001,7668,399,0.032,41.0,3.1,0.046,0.232,0.0307,0.081,0.2087,0.0224,0.065,0.4932,0.0412,0.051,0.3566,0.0392,0.067,0.0066,0.0059,0.544,0.0451,0.0204,0.276,34219,7337,0.13,23197,1677,0.044,0.3199,0.0561,0.107,0.1151,0.0295,0.156,0.5272,0.0335,0.039,0.1102,0.0209,0.115,9510,441,0.028,0.1937,0.0239,0.075,1947,3,0.001,0.6753,0.0434,0.039,0.0837,0.0281,0.204,0.0619,0.0165,0.162,0.0937,0.0208,0.135,0.491,0.0557,0.069,3765,470,0.076,3903,402,0.063,0.4676,0.0546,0.071,848,106,0.076,72700,4670,0.039,0.5522,0.1068,0.118,0.3078,0.0593,0.117,0.2308,0.0502,0.132,0.6842,0.0699,0.062,0.0667,0.023,0.21,0.0305,0.0198,0.394,0.0018,0.0036,1.215,0.1123,0.0276,0.149,0.2831,0.0403,0.087
4200346264,McKees Rocks borough,0.0,5786,19,0.002,2713,263,0.059,40.9,7.0,0.104,0.192,0.0476,0.151,0.191,0.055,0.175,0.5429,0.0916,0.103,0.2207,0.07,0.193,0.0076,0.0081,0.649,0.0525,0.0738,0.854,41131,13480,0.199,23538,3358,0.087,0.3208,0.1083,0.205,0.1019,0.0598,0.357,0.549,0.0917,0.102,0.0911,0.0589,0.393,3328,288,0.053,0.1848,0.052,0.171,1949,10,0.003,0.549,0.0723,0.08,0.1256,0.0591,0.286,0.0409,0.0321,0.478,0.0748,0.0421,0.342,0.5864,0.1075,0.111,1591,330,0.126,1122,261,0.141,0.5444,0.1045,0.117,1081,79,0.044,75600,14219,0.114,0.4519,0.1302,0.175,0.2728,0.1009,0.225,0.2745,0.1743,0.386,0.5271,0.1011,0.117,0.0538,0.029,0.328,0.0674,0.0637,0.574,0.0,0.0073,,0.099,0.0504,0.309,0.2565,0.0887,0.21
4200347696,Marshall township,0.0,10226,26,0.002,3817,178,0.028,43.1,1.8,0.025,0.2539,0.0371,0.089,0.145,0.0235,0.099,0.7448,0.0406,0.033,0.001,0.002,1.216,0.2036,0.0383,0.114,0.025,0.0184,0.446,165099,18475,0.068,87227,8204,0.057,0.0346,0.0288,0.506,0.027,0.0132,0.297,0.6736,0.0388,0.035,0.7931,0.0665,0.051,3986,188,0.029,0.0424,0.0326,0.467,1998,4,0.001,0.725,0.0541,0.045,0.008,0.0087,0.658,0.0667,0.0344,0.314,0.0238,0.0167,0.426,0.1394,0.0342,0.149,532,133,0.152,3285,182,0.034,0.1094,0.0328,0.183,2253,448,0.121,509900,53297,0.064,0.2086,0.1326,0.386,0.1071,0.096,0.544,0.165,0.0864,0.318,0.6744,0.0569,0.051,0.0167,0.0154,0.558,0.0092,0.0084,0.556,0.0,0.0037,,0.2619,0.0502,0.116,0.0047,0.0089,1.142
4200349920,Millvale borough,0.0,3299,22,0.004,1646,145,0.054,40.5,5.2,0.078,0.1022,0.0456,0.271,0.1452,0.049,0.205,0.8657,0.0667,0.047,0.0849,0.0594,0.426,0.0164,0.0258,0.957,0.0185,0.0221,0.727,72778,8161,0.068,51393,18165,0.215,0.1719,0.0782,0.277,0.0553,0.037,0.407,0.7616,0.0581,0.046,0.2742,0.0765,0.17,2146,200,0.057,0.233,0.0625,0.163,1938,,,0.3448,0.0719,0.127,0.1659,0.0588,0.216,0.068,0.0464,0.415,0.1216,0.0765,0.382,0.582,0.1128,0.118,958,204,0.129,688,130,0.115,0.4941,0.1054,0.13,1029,93,0.055,124100,14548,0.071,0.3601,0.1212,0.205,0.1827,0.0774,0.258,0.1468,0.0927,0.384,0.5435,0.0898,0.1,0.0589,0.0427,0.441,0.0589,0.0545,0.562,0.0239,0.0327,0.833,0.1567,0.0741,0.287,0.2254,0.0971,0.262
4200350528,Monroeville municipality,0.0,28295,66,0.001,12634,529,0.025,44.0,1.7,0.023,0.1842,0.0235,0.077,0.2317,0.0182,0.048,0.692,0.0431,0.038,0.1534,0.0332,0.131,0.0525,0.0224,0.26,0.0472,0.0232,0.299,79218,3899,0.03,46348,3472,0.046,0.1068,0.0385,0.219,0.0478,0.0167,0.212,0.6221,0.0234,0.023,0.4643,0.0368,0.048,13875,593,0.026,0.0894,0.023,0.156,1968,2,0.001,0.6486,0.0268,0.025,0.0121,0.0072,0.363,0.0876,0.023,0.16,0.1638,0.0219,0.081,0.3127,0.0302,0.059,3951,416,0.064,8683,505,0.035,0.26,0.0385,0.09,1175,33,0.017,209800,8176,0.024,0.4525,0.0922,0.124,0.2222,0.0661,0.181,0.1812,0.0385,0.129,0.6519,0.0367,0.034,0.0163,0.0082,0.305,0.0058,0.0048,0.499,0.0,0.0016,,0.2486,0.0417,0.102,0.0669,0.0216,0.196
4200350784,Moon township,0.0,26902,60,0.001,10165,567,0.034,40.7,2.3,0.034,0.1868,0.022,0.071,0.1981,0.0247,0.076,0.8426,0.0344,0.025,0.0333,0.0132,0.24,0.0451,0.0169,0.228,0.0236,0.0105,0.27,113170,12585,0.068,59324,6061,0.062,0.0327,0.011,0.204,0.0359,0.0168,0.284,0.6527,0.0344,0.032,0.5377,0.043,0.049,10616,553,0.032,0.0425,0.018,0.258,1976,2,0.001,0.6939,0.0284,0.025,0.0578,0.0224,0.235,0.1196,0.0271,0.138,0.0635,0.0209,0.2,0.219,0.0305,0.085,2226,334,0.091,7939,512,0.039,0.1642,0.0324,0.12,1215,65,0.033,293000,11892,0.025,0.3666,0.0919,0.152,0.1887,0.0685,0.221,0.1475,0.047,0.194,0.7025,0.0475,0.041,0.008,0.0048,0.363,0.0167,0.0076,0.277,0.0,0.0016,,0.2109,0.0286,0.083,0.021,0.013,0.376
4200351696,Mount Lebanon township,0.0,33370,58,0.001,13646,403,0.018,43.2,1.4,0.02,0.2505,0.0205,0.05,0.216,0.018,0.051,0.8663,0.0201,0.014,0.0121,0.005,0.251,0.0388,0.0123,0.193,0.0232,0.0089,0.233,123771,10195,0.05,69154,3512,0.031,0.0481,0.0138,0.174,0.0192,0.007,0.223,0.6705,0.0159,0.014,0.6794,0.0311,0.028,14640,439,0.018,0.0679,0.02,0.179,1953,2,0.001,0.6807,0.0217,0.019,0.0479,0.016,0.203,0.0789,0.0144,0.111,0.1419,0.0204,0.087,0.2769,0.0305,0.067,3779,431,0.069,9867,439,0.027,0.19,0.0261,0.084,1194,73,0.037,378300,12620,0.02,0.4043,0.0594,0.089,0.2196,0.0523,0.145,0.1427,0.0247,0.105,0.5766,0.0413,0.044,0.0377,0.0107,0.173,0.0259,0.0077,0.182,0.0024,0.0028,0.729,0.2906,0.0265,0.055,0.0911,0.0163,0.109
4200351744,Mount Oliver borough,0.0,3319,24,0.004,1199,204,0.103,36.1,5.5,0.093,0.3245,0.1005,0.188,0.0838,0.0328,0.238,0.4809,0.1238,0.156,0.3884,0.122,0.191,0.0069,0.0108,0.951,0.0383,0.0392,0.622,52297,11850,0.138,24721,4868,0.12,0.1507,0.0846,0.341,0.0545,0.0496,0.554,0.6807,0.1391,0.124,0.1754,0.0542,0.188,1489,262,0.107,0.1948,0.0976,0.305,1938,,,0.6595,0.0859,0.079,0.176,0.0947,0.327,0.047,0.0504,0.652,0.0,0.0114,,0.5947,0.0791,0.081,713,154,0.131,486,181,0.226,0.6951,0.1201,0.105,1302,372,0.174,96900,19677,0.123,0.5708,0.1922,0.205,0.2104,0.146,0.422,0.1399,0.1316,0.572,0.4426,0.1222,0.168,0.1714,0.125,0.443,0.0059,0.0097,1.009,0.0,0.0078,,0.0554,0.0725,0.795,0.3503,0.0954,0.166
4200352320,Munhall borough,0.0,10548,27,0.002,5154,284,0.033,42.3,3.5,0.05,0.1816,0.0388,0.13,0.2114,0.0376,0.108,0.8259,0.0346,0.025,0.1341,0.0313,0.142,0.0031,0.0047,0.921,0.0057,0.0051,0.547,52517,5135,0.059,37437,4374,0.071,0.1388,0.0546,0.239,0.079,0.0358,0.276,0.6353,0.0528,0.05,0.3088,0.0593,0.117,5778,343,0.036,0.108,0.0391,0.22,1946,4,0.001,0.6812,0.0479,0.043,0.14,0.0474,0.206,0.0545,0.0199,0.222,0.0569,0.0315,0.336,0.3326,0.0575,0.105,1714,311,0.11,3440,300,0.053,0.2924,0.0522,0.108,780,73,0.057,132100,12842,0.059,0.3938,0.1399,0.216,0.2491,0.1356,0.331,0.1663,0.0549,0.201,0.7579,0.0664,0.053,0.0193,0.0148,0.469,0.0403,0.0248,0.374,0.0,0.0037,,0.1083,0.0266,0.149,0.1568,0.0644,0.25
4200353136,Neville township,0.0,1085,160,0.09,594,47,0.048,43.4,5.1,0.071,0.1327,0.043,0.197,0.2276,0.0186,0.05,0.8968,0.0857,0.058,0.0276,0.0208,0.457,0.0,0.0111,,0.0424,0.0345,0.494,61094,9017,0.09,42042,4526,0.065,0.1336,0.043,0.196,0.0427,0.0305,0.434,0.7058,0.1259,0.108,0.3054,0.057,0.113,614,42,0.042,0.0326,0.0325,0.606,1949,5,0.002,0.6368,0.0764,0.073,0.3062,0.0736,0.146,0.0228,0.0312,0.833,0.0,0.0276,,0.4714,0.0847,0.109,280,55,0.119,314,49,0.095,0.435,0.1429,0.2,941,75,0.048,170900,16132,0.057,0.2857,0.0992,0.211,0.1214,0.048,0.24,0.1624,0.0907,0.339,0.7653,0.0681,0.054,0.0129,0.0111,0.526,0.0241,0.0239,0.602,0.0,0.0193,,0.1334,0.0634,0.289,0.0438,0.0224,0.311
4200354816,North Braddock borough,0.0,4219,18,0.003,2142,213,0.06,42.4,6.3,0.09,0.1425,0.0447,0.191,0.219,0.0577,0.16,0.3982,0.0663,0.101,0.4762,0.0789,0.101,0.0043,0.0055,0.777,0.0069,0.0069,0.608,34564,12549,0.221,32224,6845,0.129,0.288,0.0886,0.187,0.1634,0.0766,0.285,0.6535,0.0734,0.068,0.1413,0.0473,0.204,2652,193,0.044,0.1923,0.043,0.136,1944,6,0.002,0.5965,0.0598,0.061,0.1508,0.0508,0.205,0.0705,0.035,0.302,0.0622,0.044,0.429,0.5271,0.0872,0.101,1129,218,0.117,1013,203,0.122,0.5139,0.0832,0.098,695,123,0.108,66100,9751,0.09,0.4836,0.1217,0.153,0.2737,0.1112,0.247,0.2113,0.0964,0.277,0.5636,0.1288,0.139,0.151,0.0818,0.329,0.0,0.0062,,0.0,0.0062,,0.166,0.0642,0.235,0.3898,0.0897,0.14
4200355016,North Fayette township,0.0,16107,36,0.001,6594,450,0.041,40.1,3.2,0.049,0.2154,0.0384,0.108,0.1422,0.022,0.094,0.8227,0.0449,0.033,0.0227,0.0166,0.445,0.043,0.0208,0.294,0.0317,0.0173,0.332,102318,10063,0.06,53686,4469,0.051,0.0403,0.0164,0.247,0.0428,0.0239,0.34,0.7464,0.0299,0.024,0.5657,0.0532,0.057,7143,516,0.044,0.0769,0.0355,0.281,1994,2,0.001,0.607,0.054,0.054,0.0133,0.0098,0.448,0.105,0.0318,0.184,0.0662,0.0261,0.24,0.2514,0.0485,0.117,1658,339,0.124,4936,489,0.06,0.2128,0.0422,0.121,1420,100,0.043,278600,45432,0.099,0.3951,0.1061,0.163,0.1315,0.0672,0.311,0.1515,0.0406,0.163,0.7237,0.0471,0.04,0.0137,0.0101,0.445,0.0091,0.0083,0.555,0.0,0.0021,,0.2168,0.0351,0.099,0.0306,0.0161,0.32
4200355488,North Versailles township,0.0,9845,36,0.002,4588,323,0.043,46.0,4.1,0.054,0.1763,0.0461,0.159,0.2544,0.0469,0.112,0.7411,0.0551,0.045,0.2305,0.0553,0.146,0.0031,0.0028,0.549,0.0056,0.0085,0.928,53353,7507,0.086,35755,7413,0.126,0.1814,0.0758,0.254,0.0226,0.0205,0.552,0.5644,0.0509,0.055,0.2362,0.0485,0.125,5020,375,0.045,0.0861,0.0421,0.298,1959,4,0.001,0.5996,0.062,0.063,0.0512,0.0371,0.441,0.0576,0.0306,0.323,0.1639,0.0638,0.237,0.3267,0.0645,0.12,1499,314,0.127,3089,301,0.059,0.3087,0.0725,0.143,928,80,0.052,111300,8154,0.045,0.5904,0.1768,0.182,0.2622,0.139,0.322,0.1878,0.0582,0.188,0.7459,0.0262,0.021,0.0153,0.0177,0.704,0.0144,0.0122,0.516,0.0,0.0039,,0.1125,0.0452,0.244,0.1757,0.0601,0.208
4200355840,Oakdale borough,0.0,1489,142,0.058,689,88,0.078,44.6,2.5,0.034,0.1551,0.0243,0.095,0.2048,0.0232,0.069,0.8852,0.1117,0.077,0.0343,0.0462,0.82,0.0034,0.004,0.727,0.0047,0.008,1.041,93036,14297,0.093,48318,8591,0.108,0.0804,0.0516,0.39,0.0303,0.0193,0.389,0.6856,0.0624,0.055,0.2806,0.0629,0.136,705,88,0.076,0.0227,0.0254,0.68,1951,9,0.003,0.8142,0.0885,0.066,0.0312,0.0241,0.469,0.0851,0.0413,0.295,0.0,0.0241,,0.2061,0.0629,0.186,142,47,0.201,547,90,0.1,0.1847,0.0634,0.209,1096,276,0.153,190700,25052,0.08,0.2535,0.1522,0.365,0.1479,0.147,0.604,0.0859,0.0666,0.471,0.7597,0.0922,0.074,0.0071,0.007,0.602,0.033,0.0315,0.58,0.0,0.0141,,0.1143,0.0234,0.124,0.0479,0.0302,0.383
4200356088,Oakmont borough,0.0,6702,27,0.002,3219,197,0.037,44.0,2.9,0.04,0.2025,0.0318,0.095,0.2444,0.0337,0.084,0.9327,0.0275,0.018,0.0082,0.007,0.519,0.0016,0.0021,0.774,0.0234,0.0121,0.314,92782,16341,0.107,63876,5855,0.056,0.0541,0.0246,0.276,0.056,0.0296,0.321,0.665,0.0364,0.033,0.5864,0.056,0.058,3487,217,0.038,0.0769,0.0364,0.288,1963,11,0.003,0.4976,0.0362,0.044,0.1474,0.0547,0.225,0.1199,0.0391,0.198,0.0829,0.0281,0.206,0.4418,0.0583,0.08,1422,207,0.088,1797,155,0.052,0.3489,0.053,0.092,1190,95,0.049,334500,27844,0.051,0.391,0.0902,0.14,0.1744,0.061,0.213,0.1753,0.0703,0.244,0.6543,0.0575,0.053,0.0044,0.0071,0.972,0.0206,0.0167,0.494,0.0027,0.0041,0.945,0.245,0.0421,0.104,0.0612,0.0256,0.254
4200356384,O'Hara township,0.0,9109,23,0.002,3767,216,0.035,45.6,2.5,0.033,0.2331,0.0315,0.082,0.2568,0.0393,0.093,0.8536,0.0376,0.027,0.0209,0.0207,0.605,0.0663,0.024,0.22,0.0149,0.0098,0.398,117276,13906,0.072,66479,6460,0.059,0.0538,0.0272,0.308,0.0392,0.0192,0.298,0.5922,0.0302,0.031,0.7214,0.0676,0.057,4048,215,0.032,0.0694,0.0329,0.288,1966,3,0.001,0.7708,0.039,0.031,0.019,0.014,0.447,0.0247,0.0243,0.597,0.1267,0.0454,0.218,0.1272,0.0488,0.233,479,186,0.236,3288,255,0.047,0.09,0.0401,0.271,2175,101,0.028,401300,25112,0.038,0.4572,0.1805,0.24,0.4134,0.1813,0.267,0.2086,0.0768,0.224,0.714,0.0642,0.055,0.0129,0.0136,0.642,0.0126,0.0111,0.534,0.0,0.0043,,0.222,0.0501,0.137,0.0547,0.0249,0.276
4200356392,Ohio township,0.0,7228,20,0.002,2622,159,0.037,40.6,3.5,0.052,0.241,0.044,0.111,0.2125,0.0411,0.118,0.9062,0.0359,0.024,0.0084,0.0068,0.488,0.0349,0.0249,0.434,0.0198,0.0155,0.476,153333,21047,0.083,63602,6563,0.063,0.036,0.0235,0.397,0.0434,0.0508,0.712,0.6812,0.0529,0.047,0.6495,0.073,0.068,2737,174,0.039,0.042,0.0405,0.585,2002,3,0.001,0.6814,0.0376,0.034,0.0106,0.0126,0.725,0.1202,0.0433,0.219,0.0307,0.0212,0.419,0.1232,0.0308,0.152,323,83,0.156,2299,154,0.041,0.0802,0.0316,0.239,1706,55,0.02,474600,26889,0.034,0.3189,0.199,0.379,0.1022,0.1368,0.814,0.1762,0.0652,0.225,0.6331,0.0865,0.083,0.0,0.0047,,0.0028,0.0044,0.972,0.0,0.0047,,0.2921,0.0649,0.135,0.0,0.0092,
4200359032,Penn Hills township,0.0,40242,46,0.001,17964,551,0.019,45.2,3.4,0.046,0.1862,0.0216,0.071,0.2434,0.0195,0.049,0.5375,0.0282,0.032,0.3556,0.0302,0.052,0.0054,0.0025,0.282,0.0284,0.0141,0.301,65479,4987,0.046,38245,3469,0.055,0.1327,0.0262,0.12,0.0645,0.0155,0.146,0.6537,0.016,0.015,0.3023,0.0275,0.055,20261,523,0.016,0.1134,0.0194,0.104,1958,1,0.0,0.8277,0.0252,0.018,0.0281,0.0092,0.2,0.0356,0.0153,0.261,0.0642,0.0178,0.168,0.2535,0.0361,0.087,4554,664,0.089,13410,669,0.03,0.2377,0.0343,0.088,1103,73,0.04,134700,8569,0.039,0.4754,0.0926,0.118,0.2391,0.0702,0.178,0.2377,0.0326,0.083,0.7015,0.0262,0.023,0.0387,0.0149,0.234,0.0112,0.0052,0.284,0.0008,0.0012,0.95,0.1344,0.0179,0.081,0.0998,0.0201,0.123
4200359152,Pennsbury Village borough,0.0,655,87,0.081,474,61,0.078,45.0,8.4,0.113,0.0321,0.0524,0.993,0.2702,0.0646,0.145,0.9221,0.0171,0.011,0.0198,0.0166,0.508,0.0183,0.0212,0.705,0.0183,0.0166,0.551,69167,8488,0.075,60878,8084,0.081,0.1252,0.0925,0.449,0.0293,0.0268,0.557,0.7539,0.0688,0.055,0.6032,0.1,0.101,500,54,0.066,0.052,0.0416,0.487,1974,2,0.001,0.054,0.0557,0.627,0.016,0.0288,1.094,0.172,0.0524,0.185,0.0,0.0339,,0.289,0.1298,0.273,137,64,0.284,337,29,0.052,0.287,0.116,0.246,1496,256,0.104,157100,4910,0.019,0.4891,0.3726,0.463,0.438,0.3623,0.503,0.181,0.0931,0.313,0.6767,0.0751,0.067,0.0345,0.034,0.6,0.0086,0.0107,0.754,0.0,0.0259,,0.2414,0.0771,0.194,0.0253,0.0179,0.429
4200360272,Pine township,0.0,15224,39,0.002,5104,222,0.026,38.3,3.6,0.057,0.2911,0.0413,0.086,0.1097,0.0203,0.112,0.8344,0.051,0.037,0.0366,0.0475,0.789,0.0756,0.028,0.226,0.0139,0.0095,0.415,184591,13137,0.043,78373,5835,0.045,0.0441,0.0287,0.396,0.0173,0.0104,0.367,0.6815,0.0441,0.039,0.7641,0.082,0.065,5303,283,0.032,0.0375,0.0352,0.57,2002,3,0.001,0.7347,0.0207,0.017,0.069,0.0511,0.45,0.0128,0.0125,0.591,0.0505,0.0251,0.302,0.1291,0.0471,0.222,659,242,0.223,4445,286,0.039,0.1038,0.0465,0.272,2134,237,0.068,579700,37209,0.039,0.2231,0.1117,0.304,0.1381,0.0968,0.426,0.1512,0.0474,0.191,0.6354,0.0461,0.044,0.0,0.0025,,0.0082,0.0115,0.852,0.0,0.0025,,0.2873,0.0491,0.104,0.0082,0.0096,0.707
4200360712,Pitcairn borough,0.0,3032,17,0.003,1412,149,0.064,41.2,4.6,0.068,0.2084,0.0554,0.162,0.1761,0.0575,0.198,0.5983,0.0811,0.082,0.3097,0.0732,0.144,0.0,0.004,,0.0402,0.0561,0.847,36419,7006,0.117,24790,3847,0.094,0.1539,0.0656,0.259,0.1136,0.0627,0.335,0.5724,0.0754,0.08,0.1705,0.0522,0.186,1734,182,0.064,0.1857,0.0884,0.289,1957,18,0.006,0.4533,0.0579,0.078,0.1655,0.0876,0.322,0.1413,0.077,0.331,0.1303,0.0863,0.402,0.6084,0.1142,0.114,859,185,0.131,553,104,0.114,0.5389,0.0963,0.109,772,98,0.077,59300,24629,0.252,0.4761,0.1932,0.247,0.2282,0.1419,0.378,0.2405,0.1382,0.349,0.577,0.156,0.164,0.0588,0.0648,0.67,0.0,0.0099,,0.0,0.0099,,0.1399,0.0809,0.351,0.1268,0.0722,0.346
4200361328,Pleasant Hills borough,0.0,8399,22,0.002,3445,198,0.035,43.8,4.1,0.057,0.2011,0.0429,0.13,0.2153,0.0356,0.1,0.8796,0.0413,0.029,0.061,0.0324,0.323,0.0277,0.0213,0.467,0.0025,0.0025,0.608,102167,25090,0.149,47674,3729,0.048,0.0482,0.0215,0.271,0.0511,0.0497,0.592,0.6495,0.0598,0.056,0.4648,0.0648,0.085,3778,206,0.033,0.0881,0.0343,0.237,1958,3,0.001,0.7978,0.0399,0.03,0.0479,0.0212,0.269,0.0172,0.015,0.531,0.1096,0.037,0.205,0.1806,0.0444,0.149,622,157,0.153,2823,286,0.062,0.1477,0.0746,0.307,1151,191,0.101,244800,13914,0.035,0.3376,0.097,0.175,0.2605,0.0874,0.204,0.1367,0.0456,0.203,0.6271,0.0593,0.057,0.035,0.0197,0.341,0.0119,0.0114,0.582,0.0,0.004,,0.2278,0.0579,0.155,0.0488,0.035,0.436
4200361536,Plum borough,0.0,26723,44,0.001,10885,316,0.018,44.4,1.6,0.022,0.2115,0.0238,0.068,0.2277,0.0201,0.054,0.909,0.0225,0.015,0.0387,0.0187,0.294,0.0134,0.0085,0.384,0.0106,0.0054,0.309,98705,4362,0.027,48609,2236,0.028,0.0357,0.0102,0.174,0.0278,0.0141,0.309,0.6752,0.0264,0.024,0.4496,0.0344,0.047,11533,334,0.018,0.0562,0.0166,0.179,1972,2,0.001,0.7833,0.0247,0.019,0.0319,0.0127,0.242,0.0465,0.017,0.222,0.0306,0.0132,0.262,0.1928,0.0276,0.087,2099,307,0.089,8786,330,0.023,0.1432,0.0212,0.09,1177,55,0.028,227600,6548,0.017,0.3711,0.086,0.141,0.1096,0.0413,0.229,0.1338,0.0299,0.136,0.6897,0.045,0.04,0.0167,0.0105,0.382,0.0043,0.0059,0.84,0.0,0.0016,,0.237,0.0281,0.072,0.0311,0.0136,0.266
4200362320,Port Vue borough,0.0,3620,19,0.003,1664,134,0.049,39.6,5.0,0.077,0.1517,0.0405,0.162,0.1997,0.0487,0.148,0.7729,0.0786,0.062,0.0641,0.0605,0.574,0.0,0.0033,,0.0337,0.0293,0.528,58194,14889,0.156,30747,3217,0.064,0.1011,0.0624,0.375,0.1113,0.0584,0.319,0.6608,0.0747,0.069,0.1393,0.0483,0.211,1817,157,0.053,0.0842,0.0579,0.418,1951,3,0.001,0.913,0.045,0.03,0.0154,0.0143,0.564,0.0517,0.0344,0.404,0.0,0.0093,,0.2212,0.068,0.187,368,117,0.193,1296,182,0.085,0.2591,0.0958,0.225,963,144,0.091,82500,9950,0.073,0.2418,0.1832,0.46,0.1603,0.172,0.652,0.2415,0.1278,0.322,0.802,0.1159,0.088,0.0042,0.0063,0.907,0.0,0.0064,,0.0,0.0064,,0.087,0.0409,0.285,0.0325,0.0206,0.386
4200363408,Rankin borough,0.0,1793,250,0.085,770,128,0.101,35.4,14.5,0.249,0.28,0.1036,0.225,0.169,0.0639,0.23,0.2281,0.111,0.296,0.5867,0.1421,0.147,0.0,0.0067,,0.1299,0.0708,0.331,48145,16598,0.21,27047,6027,0.135,0.2487,0.1482,0.362,0.1041,0.07,0.408,0.6697,0.081,0.073,0.1721,0.1,0.353,923,132,0.087,0.1658,0.0629,0.23,1949,5,0.002,0.4085,0.0989,0.147,0.104,0.0653,0.381,0.2308,0.1442,0.38,0.039,0.0428,0.667,0.5922,0.1419,0.146,456,133,0.177,314,92,0.178,0.5759,0.157,0.166,599,244,0.248,95000,42022,0.269,0.1952,0.0971,0.302,0.1404,0.0849,0.368,0.0414,0.1041,1.528,0.4161,0.2133,0.312,0.2683,0.0944,0.214,0.0213,0.0326,0.933,0.0,0.0142,,0.0804,0.0554,0.419,0.4286,0.1748,0.248
4200364240,Reserve township,0.0,3180,36,0.007,1534,95,0.038,45.3,4.9,0.066,0.1588,0.0402,0.154,0.2192,0.0381,0.106,0.8881,0.0435,0.03,0.0528,0.0368,0.423,0.0132,0.0123,0.564,0.017,0.0126,0.45,81724,11392,0.085,48402,5783,0.073,0.0484,0.0546,0.686,0.0526,0.0432,0.499,0.6756,0.0462,0.042,0.3413,0.0583,0.104,1591,98,0.037,0.0358,0.0288,0.489,1958,3,0.001,0.8278,0.0564,0.041,0.0798,0.0337,0.257,0.0082,0.0147,1.09,0.0,0.0107,,0.1213,0.0595,0.298,186,92,0.301,1348,111,0.05,0.1107,0.0516,0.283,1059,117,0.067,209700,10264,0.03,0.2688,0.331,0.748,0.2097,0.3224,0.935,0.2151,0.0933,0.264,0.6751,0.0617,0.056,0.0508,0.039,0.466,0.0098,0.0098,0.605,0.0,0.0069,,0.1818,0.0509,0.17,0.0424,0.0439,0.629
4200364528,Richland township,0.0,11844,38,0.002,4738,249,0.032,48.0,4.3,0.054,0.2189,0.0311,0.086,0.2568,0.0437,0.103,0.9171,0.0304,0.02,0.0026,0.0034,0.784,0.0269,0.0167,0.377,0.0116,0.0097,0.51,118333,28549,0.147,59151,5550,0.057,0.0462,0.0215,0.283,0.0269,0.0176,0.398,0.6356,0.0524,0.05,0.5438,0.0496,0.055,5111,244,0.029,0.073,0.0329,0.274,1983,5,0.002,0.7793,0.0423,0.033,0.0117,0.0095,0.494,0.0233,0.0152,0.397,0.0518,0.0218,0.255,0.1102,0.0318,0.175,522,153,0.178,4216,282,0.041,0.0846,0.0277,0.199,1828,371,0.123,361700,27584,0.046,0.3851,0.1404,0.222,0.2529,0.1231,0.296,0.1698,0.0671,0.24,0.79,0.0618,0.048,0.0,0.0033,,0.0096,0.0091,0.574,0.0,0.0033,,0.1574,0.0373,0.144,0.0365,0.0203,0.338
4200365352,Robinson township,0.0,15534,22,0.001,6740,306,0.028,40.5,4.1,0.062,0.184,0.0291,0.096,0.2148,0.0281,0.08,0.8613,0.0357,0.025,0.0332,0.0169,0.31,0.0381,0.0181,0.289,0.0312,0.022,0.429,103048,11308,0.067,55376,4279,0.047,0.0551,0.0208,0.229,0.0158,0.012,0.463,0.6715,0.0372,0.034,0.4639,0.0469,0.061,7055,340,0.029,0.0446,0.027,0.367,1986,3,0.001,0.5819,0.0346,0.036,0.0438,0.0224,0.31,0.1121,0.0376,0.204,0.1457,0.0369,0.154,0.3393,0.0471,0.084,2287,334,0.089,4453,344,0.047,0.2767,0.0442,0.097,1688,62,0.022,293200,29815,0.062,0.4018,0.1015,0.154,0.1342,0.0571,0.258,0.1314,0.0556,0.257,0.7144,0.0444,0.038,0.0064,0.0049,0.463,0.0127,0.0196,0.936,0.0,0.0022,,0.1741,0.0386,0.135,0.0337,0.0183,0.331
4200366264,Ross township,0.0,32939,45,0.001,14563,381,0.016,42.6,1.5,0.021,0.1941,0.0174,0.055,0.2313,0.0197,0.052,0.876,0.0202,0.014,0.0243,0.0094,0.235,0.048,0.0127,0.161,0.0314,0.0106,0.205,92642,3317,0.022,50716,2465,0.03,0.0675,0.0134,0.121,0.0318,0.0106,0.203,0.6505,0.0189,0.018,0.5127,0.0323,0.038,15398,404,0.016,0.0542,0.0173,0.194,1966,2,0.001,0.6333,0.0195,0.019,0.0205,0.0079,0.233,0.0931,0.0215,0.14,0.1367,0.0236,0.105,0.2793,0.0259,0.056,4067,392,0.059,10496,417,0.024,0.2155,0.0234,0.066,1278,58,0.028,268900,8590,0.019,0.4057,0.0782,0.117,0.1239,0.0431,0.212,0.1576,0.0261,0.101,0.65,0.0325,0.03,0.0175,0.0079,0.275,0.0075,0.0049,0.393,0.0,0.0015,,0.2541,0.0357,0.085,0.039,0.012,0.187
4200366320,Rosslyn Farms borough,0.0,534,87,0.099,270,76,0.171,54.9,4.6,0.051,0.1685,0.0156,0.056,0.382,0.1274,0.203,0.7903,0.1549,0.119,0.0206,0.0317,0.934,0.0019,0.0037,1.212,0.0112,0.0073,0.393,93750,63699,0.413,104073,11294,0.066,0.0056,0.0231,2.504,0.0545,0.0496,0.553,0.4911,0.1061,0.131,0.7747,0.1155,0.091,270,76,0.171,0.0,0.0444,,1952,4,0.001,0.9963,0.0242,0.015,0.0,0.0629,,0.0,0.0629,,0.0037,0.045,7.393,0.0222,0.0134,0.367,6,4,0.405,264,76,0.175,0.0375,0.0255,0.414,,,,446200,10451,0.014,0.0,4.0,,0.0,2.0,,0.1515,0.0534,0.214,0.7019,0.0603,0.052,0.0048,0.0096,1.214,0.0,0.0577,,0.0,0.0577,,0.2644,0.0653,0.15,0.0,0.0629,
4200368388,Scott township,0.0,17270,23,0.001,7970,376,0.029,42.4,2.2,0.032,0.1627,0.0256,0.096,0.2391,0.0225,0.057,0.7768,0.0517,0.04,0.0262,0.0175,0.406,0.1255,0.039,0.189,0.0228,0.0191,0.508,89404,6024,0.041,48411,3941,0.049,0.0745,0.0375,0.306,0.0364,0.0133,0.223,0.6244,0.0272,0.026,0.5098,0.0532,0.063,8651,393,0.028,0.0787,0.0248,0.192,1962,3,0.001,0.5518,0.0221,0.024,0.0425,0.0148,0.212,0.1558,0.0423,0.165,0.1644,0.0353,0.13,0.3541,0.0472,0.081,2822,399,0.086,5148,352,0.042,0.3255,0.0495,0.092,1244,70,0.034,226500,9656,0.026,0.2009,0.0472,0.143,0.1262,0.0402,0.194,0.1671,0.0346,0.126,0.6254,0.0437,0.042,0.0234,0.0135,0.351,0.0088,0.0086,0.591,0.0022,0.0028,0.799,0.2734,0.0674,0.15,0.0705,0.0214,0.184
4200369376,Sewickley borough,0.0,3823,21,0.003,1642,121,0.045,38.7,4.7,0.074,0.2218,0.0395,0.108,0.1821,0.0405,0.135,0.8543,0.0492,0.035,0.0254,0.0141,0.338,0.0,0.0031,,0.0275,0.0251,0.556,101053,7209,0.043,66366,10060,0.092,0.0808,0.0354,0.266,0.0697,0.0414,0.361,0.7038,0.0598,0.052,0.6447,0.088,0.083,1913,145,0.046,0.1417,0.0645,0.277,1938,,,0.6147,0.0571,0.056,0.0889,0.0547,0.374,0.149,0.048,0.196,0.1072,0.0473,0.268,0.3197,0.0724,0.138,525,125,0.145,1117,121,0.066,0.2484,0.0694,0.17,955,38,0.024,464300,83483,0.109,0.5048,0.1898,0.229,0.2895,0.1673,0.351,0.2659,0.1007,0.23,0.4985,0.0934,0.114,0.004,0.0059,0.91,0.1296,0.051,0.239,0.0045,0.0074,1.012,0.3358,0.0938,0.17,0.1127,0.057,0.307
4200369400,Sewickley Heights borough,0.0,690,87,0.077,316,44,0.085,52.1,1.8,0.021,0.1957,0.0425,0.132,0.2696,0.0388,0.087,0.9391,0.034,0.022,0.029,0.0258,0.542,0.0,0.0174,,0.0043,0.0043,0.603,203214,44260,0.132,155972,24951,0.097,0.0118,0.0118,0.608,0.0372,0.0366,0.598,0.5103,0.0675,0.08,0.7132,0.0262,0.022,370,44,0.072,0.1459,0.0597,0.249,1958,8,0.002,0.9162,0.1461,0.097,0.0054,0.0334,3.759,0.0,0.0459,,0.0,0.0459,,0.1139,0.0514,0.274,36,17,0.287,280,44,0.096,0.0942,0.0448,0.289,1563,603,0.235,1062500,275424,0.158,0.3056,0.4321,0.86,0.1667,0.2664,0.972,0.2393,0.0739,0.188,0.6078,0.0673,0.067,0.0,0.0424,,0.0141,0.0139,0.596,0.0,0.0424,,0.3074,0.1197,0.237,0.0158,0.0411,1.578
4200369416,Sewickley Hills borough,0.0,672,102,0.092,264,52,0.12,46.8,7.7,0.1,0.2307,0.0297,0.078,0.2917,0.0676,0.141,0.8973,0.067,0.045,0.0,0.0179,,0.0208,0.0161,0.469,0.0238,0.019,0.485,175000,39507,0.137,89877,12315,0.083,0.0179,0.0171,0.584,0.0445,0.0231,0.315,0.552,0.1152,0.127,0.7042,0.0951,0.082,288,51,0.108,0.0833,0.0749,0.547,1982,4,0.001,1.0,0.0,0.0,0.0,0.0589,,0.0,0.0589,,0.0,0.0589,,0.0076,0.0113,0.904,2,3,0.912,262,52,0.121,0.003,0.0044,0.907,,,,486400,42000,0.052,0.0,12.0,,0.0,6.0,,0.229,0.1529,0.406,0.663,0.0618,0.057,0.0,0.044,,0.0,0.044,,0.0,0.044,,0.2857,0.085,0.181,0.0379,0.0563,0.904
4200369584,Shaler township,0.0,27538,25,0.001,12314,323,0.016,46.0,2.6,0.034,0.1698,0.0199,0.071,0.2464,0.0246,0.061,0.9272,0.0212,0.014,0.0166,0.0109,0.397,0.0064,0.005,0.483,0.0161,0.0074,0.278,95654,6118,0.039,50470,2949,0.036,0.0638,0.0212,0.202,0.0434,0.0142,0.199,0.6821,0.0231,0.021,0.4167,0.0304,0.044,12729,320,0.015,0.0326,0.0151,0.282,1961,3,0.001,0.8597,0.0219,0.016,0.0308,0.0144,0.285,0.0145,0.0072,0.299,0.0142,0.0061,0.261,0.1303,0.028,0.131,1604,347,0.132,10710,439,0.025,0.1122,0.028,0.152,1226,114,0.057,245500,6058,0.015,0.3566,0.0999,0.17,0.1945,0.0842,0.263,0.1496,0.0303,0.123,0.714,0.0075,0.006,0.0084,0.0057,0.411,0.0103,0.0101,0.599,0.0,0.0015,,0.176,0.0258,0.089,0.0258,0.0104,0.245
4200369776,Sharpsburg borough,0.0,3119,20,0.004,1612,162,0.061,40.4,8.5,0.128,0.1757,0.0729,0.252,0.1988,0.0545,0.167,0.8163,0.0662,0.049,0.0802,0.06,0.455,0.0,0.0038,,0.0433,0.0349,0.491,59228,14835,0.152,42844,7105,0.101,0.1736,0.0743,0.26,0.0627,0.031,0.3,0.6257,0.0711,0.069,0.3352,0.0777,0.141,1803,197,0.066,0.1059,0.0684,0.392,1942,9,0.003,0.3134,0.0709,0.138,0.2146,0.0802,0.227,0.0571,0.0416,0.442,0.1342,0.0525,0.238,0.5242,0.1116,0.129,845,199,0.143,767,153,0.121,0.4737,0.1048,0.135,991,120,0.074,141400,54385,0.234,0.3799,0.1099,0.176,0.2296,0.0792,0.21,0.2777,0.1423,0.312,0.6303,0.0917,0.088,0.0928,0.0692,0.453,0.0625,0.0385,0.374,0.0,0.0079,,0.1579,0.0654,0.252,0.2184,0.083,0.231
4200372160,South Fayette township,0.0,18460,32,0.001,6883,257,0.023,41.3,1.4,0.021,0.2585,0.031,0.073,0.1709,0.0228,0.081,0.7805,0.0416,0.032,0.0304,0.013,0.26,0.1128,0.0274,0.148,0.0323,0.0202,0.379,124112,8322,0.041,58336,3880,0.04,0.0363,0.0159,0.266,0.0116,0.0065,0.34,0.6865,0.0234,0.021,0.5791,0.0448,0.047,7229,266,0.022,0.0479,0.0228,0.289,1991,3,0.001,0.5921,0.0371,0.038,0.0227,0.014,0.376,0.0755,0.0291,0.235,0.0768,0.0248,0.196,0.1828,0.0355,0.118,1258,249,0.12,5625,275,0.03,0.123,0.0258,0.128,1203,66,0.033,340700,22192,0.04,0.4118,0.1243,0.184,0.2448,0.1089,0.271,0.1339,0.0339,0.154,0.7056,0.0443,0.038,0.0122,0.007,0.349,0.0031,0.0036,0.709,0.0,0.002,,0.2418,0.0392,0.099,0.0474,0.023,0.296
4200372400,South Park township,0.0,13706,25,0.001,5705,254,0.027,42.9,3.3,0.047,0.2015,0.0305,0.092,0.2089,0.0255,0.074,0.8869,0.0299,0.02,0.0104,0.0071,0.412,0.0671,0.0266,0.241,0.0084,0.0056,0.407,101102,7515,0.045,49766,3309,0.04,0.0377,0.0135,0.218,0.0322,0.0145,0.273,0.6536,0.0215,0.02,0.4095,0.0382,0.057,6015,275,0.028,0.0515,0.0268,0.316,1975,1,0.0,0.786,0.0401,0.031,0.0411,0.0188,0.278,0.0663,0.0247,0.227,0.0464,0.0196,0.257,0.1958,0.037,0.115,1117,217,0.118,4588,266,0.035,0.1528,0.0334,0.133,1438,118,0.05,248000,13872,0.034,0.4181,0.1129,0.164,0.248,0.0879,0.216,0.1166,0.0379,0.198,0.7059,0.047,0.04,0.0392,0.0166,0.258,0.0,0.0027,,0.0,0.0027,,0.2095,0.0334,0.097,0.0195,0.0116,0.363
4200372568,South Versailles township,0.0,312,96,0.187,156,45,0.175,59.7,8.1,0.082,0.0641,0.0596,0.565,0.4006,0.0586,0.089,0.9679,0.4191,0.263,0.0,0.0385,,0.0,0.0385,,0.0321,0.0405,0.768,49167,24414,0.302,40430,11109,0.167,0.1795,0.1528,0.518,0.0643,0.0815,0.77,0.4778,0.1346,0.171,0.1558,0.0868,0.339,162,45,0.169,0.037,0.0483,0.793,1953,6,0.002,0.963,0.0749,0.047,0.0,0.1048,,0.0,0.1048,,0.0,0.1048,,0.0833,0.0663,0.484,13,11,0.514,143,44,0.187,0.0609,0.0443,0.442,950,176,0.113,116000,18780,0.098,0.4615,1.6979,2.236,0.0,0.9231,,0.2727,0.2339,0.521,0.7634,0.1828,0.146,0.0,0.0916,,0.0687,0.0787,0.696,0.0,0.0916,,0.145,0.087,0.365,0.0449,0.0993,1.345
4200372960,Springdale borough,0.0,3319,27,0.005,1655,93,0.034,52.3,5.1,0.059,0.1654,0.0317,0.117,0.2775,0.0536,0.117,0.9666,0.0209,0.013,0.0036,0.0042,0.709,0.0003,0.0009,1.824,0.0157,0.0178,0.69,65893,10185,0.094,43665,4487,0.062,0.0389,0.0178,0.279,0.0523,0.0301,0.35,0.6264,0.0423,0.041,0.2907,0.0604,0.126,1803,105,0.035,0.0821,0.0402,0.298,1952,3,0.001,0.7482,0.0466,0.038,0.0704,0.0313,0.27,0.0627,0.0314,0.304,0.0577,0.0218,0.23,0.3076,0.0579,0.114,509,100,0.119,1146,98,0.052,0.204,0.0443,0.132,895,82,0.056,153900,13223,0.052,0.3831,0.1097,0.174,0.0963,0.0641,0.405,0.0785,0.0335,0.259,0.7781,0.0569,0.044,0.0379,0.0281,0.451,0.006,0.0066,0.667,0.0,0.0072,,0.0992,0.0315,0.193,0.1263,0.0445,0.214
4200372968,Springdale township,0.0,1436,158,0.067,724,74,0.062,57.1,1.7,0.018,0.11,0.0212,0.117,0.2946,0.0217,0.045,0.929,0.0494,0.032,0.0,0.0084,,0.0132,0.0117,0.54,0.0167,0.018,0.655,62024,13452,0.132,41697,5420,0.079,0.1212,0.0599,0.301,0.0175,0.0186,0.649,0.5736,0.0491,0.052,0.2689,0.0435,0.098,805,66,0.05,0.1006,0.0414,0.25,1960,5,0.002,0.7106,0.0646,0.055,0.0534,0.037,0.421,0.005,0.0167,2.038,0.0,0.0211,,0.1395,0.0418,0.182,101,32,0.193,623,67,0.065,0.1428,0.0578,0.246,961,70,0.044,150800,17103,0.069,0.2871,0.1215,0.257,0.1683,0.1171,0.423,0.1862,0.0623,0.203,0.7988,0.0284,0.022,0.0103,0.0117,0.69,0.0117,0.0175,0.908,0.0,0.0176,,0.0954,0.0312,0.199,0.058,0.0227,0.238
4200374648,Stowe township,0.0,6294,25,0.002,2847,271,0.058,38.3,8.0,0.127,0.245,0.0619,0.154,0.1555,0.0321,0.126,0.6277,0.0899,0.087,0.3055,0.0933,0.186,0.0027,0.0048,1.073,0.0127,0.0083,0.395,52971,7290,0.084,29206,3596,0.075,0.2313,0.0845,0.222,0.1401,0.0652,0.283,0.6156,0.0625,0.062,0.1996,0.0573,0.175,3245,304,0.057,0.1227,0.0505,0.25,1952,7,0.002,0.6096,0.0827,0.082,0.1587,0.0499,0.191,0.0552,0.0349,0.385,0.004,0.0088,1.336,0.4823,0.0648,0.082,1373,226,0.1,1474,253,0.104,0.5157,0.0813,0.096,1142,117,0.062,110100,13769,0.076,0.335,0.1008,0.183,0.1835,0.0781,0.259,0.1784,0.07,0.238,0.6832,0.0564,0.05,0.0734,0.0321,0.266,0.0332,0.0358,0.656,0.0,0.0063,,0.0809,0.0353,0.265,0.1858,0.0808,0.264
4200375816,Swissvale borough,0.0,8418,31,0.002,4352,278,0.039,38.1,3.1,0.049,0.1644,0.0342,0.126,0.1844,0.041,0.135,0.5663,0.0619,0.066,0.2868,0.057,0.121,0.0344,0.0301,0.53,0.0467,0.0273,0.356,60341,4644,0.047,43926,6697,0.093,0.1704,0.046,0.164,0.08,0.0412,0.313,0.7249,0.0381,0.032,0.4142,0.0497,0.073,4891,321,0.04,0.1102,0.0344,0.19,1941,5,0.002,0.4668,0.0449,0.059,0.1748,0.0366,0.127,0.138,0.0521,0.229,0.046,0.0192,0.254,0.5113,0.0418,0.05,2225,231,0.063,2127,241,0.069,0.4839,0.0438,0.055,1136,68,0.036,147000,10549,0.044,0.4813,0.1199,0.151,0.2189,0.0734,0.204,0.1848,0.0573,0.188,0.4825,0.0582,0.073,0.0892,0.0254,0.173,0.0666,0.0309,0.282,0.0028,0.0039,0.84,0.259,0.0595,0.14,0.1751,0.0642,0.223
4200376104,Tarentum borough,0.0,4249,20,0.003,2020,244,0.073,42.3,9.0,0.129,0.1993,0.0664,0.202,0.1803,0.0643,0.217,0.8739,0.0329,0.023,0.0826,0.0308,0.227,0.0021,0.0042,1.216,0.0195,0.0179,0.557,45167,9824,0.132,29022,2706,0.057,0.1476,0.0633,0.261,0.0661,0.0407,0.374,0.6124,0.0629,0.062,0.2674,0.0936,0.213,2261,316,0.085,0.1066,0.08,0.456,1938,,,0.6661,0.0697,0.064,0.1477,0.0662,0.272,0.0548,0.0404,0.448,0.0703,0.0559,0.483,0.2812,0.0946,0.204,568,203,0.217,1452,248,0.104,0.2449,0.0888,0.22,803,167,0.126,84300,5654,0.041,0.382,0.1557,0.248,0.118,0.1121,0.577,0.2459,0.1521,0.376,0.8023,0.0812,0.062,0.0371,0.0413,0.677,0.0772,0.063,0.496,0.0127,0.0202,0.969,0.0523,0.0332,0.386,0.2208,0.1311,0.361
4200376560,Thornburg borough,0.0,464,66,0.086,160,22,0.084,43.0,2.3,0.033,0.2802,0.0325,0.071,0.2177,0.0209,0.058,0.8707,0.0372,0.026,0.0086,0.0085,0.602,0.0065,0.0064,0.602,0.0474,0.036,0.462,231250,37721,0.099,99270,13333,0.082,0.0022,0.0262,7.395,0.012,0.0119,0.601,0.7246,0.0489,0.041,0.784,0.0525,0.041,160,22,0.084,0.0,0.075,,1956,5,0.002,0.9625,0.1864,0.118,0.025,0.079,1.921,0.0,0.1061,,0.0,0.1061,,0.0438,0.0243,0.337,7,4,0.347,153,22,0.087,0.0302,0.0167,0.336,,,,469100,31439,0.041,0.0,3.4286,,0.0,1.7143,,0.0327,0.1603,2.982,0.5894,0.0777,0.08,0.0081,0.0203,1.517,0.0,0.0488,,0.0,0.0488,,0.3537,0.0615,0.106,0.0125,0.076,3.697
4200377272,Trafford borough,0.0,29,31,0.65,29,31,0.65,,,,0.0,1.1704,,1.0,1.3373,0.813,1.0,0.0,0.0,0.0,0.4138,,0.0,0.4138,,0.0,0.4138,,,,,,,,0.0,0.5852,,,,,0.0,0.4138,,0.0,0.8276,,115,96,0.507,0.7478,0.6301,0.512,1938,,,0.113,0.1461,0.786,0.6522,0.6473,0.603,0.0,0.1476,,0.0,0.1476,,0.5517,0.6288,0.693,16,25,0.95,13,20,0.935,0.5517,0.6288,0.693,,,,,,,1.0,1.299,0.79,1.0,0.0,0.0,0.0,2.6109,,,,,,,,,,,,,,,,,0.0,0.5852,
4200377912,Turtle Creek borough,0.0,5007,13,0.002,2429,218,0.055,47.4,5.1,0.065,0.1426,0.0554,0.236,0.299,0.0776,0.158,0.5842,0.0959,0.1,0.3303,0.0939,0.173,0.0152,0.0172,0.688,0.012,0.0182,0.922,45997,9871,0.13,26912,4296,0.097,0.1765,0.0804,0.277,0.1607,0.0634,0.24,0.5547,0.081,0.089,0.109,0.0457,0.255,2745,240,0.053,0.1151,0.0585,0.309,1944,3,0.001,0.404,0.0695,0.105,0.2419,0.0872,0.219,0.0823,0.0505,0.373,0.1027,0.0639,0.378,0.7205,0.0858,0.072,1750,261,0.091,679,171,0.153,0.6956,0.0859,0.075,682,61,0.054,84900,19576,0.14,0.3023,0.1182,0.238,0.1806,0.1064,0.358,0.2077,0.1252,0.367,0.5715,0.0609,0.065,0.2385,0.1482,0.378,0.0514,0.0512,0.605,0.0,0.0083,,0.0666,0.0385,0.351,0.2598,0.0916,0.214
4200379274,Upper St. Clair township,0.0,20863,55,0.002,7550,256,0.021,43.7,0.9,0.013,0.2534,0.0217,0.052,0.1974,0.0187,0.057,0.8562,0.0277,0.02,0.0127,0.0113,0.541,0.0812,0.0191,0.143,0.0173,0.0082,0.288,163409,12009,0.045,74315,4865,0.04,0.0252,0.0107,0.259,0.0347,0.0134,0.234,0.6454,0.0231,0.022,0.7524,0.0405,0.033,7836,247,0.019,0.0365,0.0142,0.237,1972,3,0.001,0.8631,0.0149,0.01,0.0036,0.0051,0.861,0.014,0.0085,0.368,0.0897,0.0226,0.153,0.1211,0.0203,0.102,914,156,0.104,6636,220,0.02,0.0765,0.0148,0.118,2038,159,0.047,431800,15472,0.022,0.5438,0.1279,0.143,0.3326,0.1098,0.201,0.1507,0.0318,0.128,0.6045,0.0367,0.037,0.0311,0.0119,0.232,0.005,0.0044,0.534,0.0,0.0022,,0.3111,0.0317,0.062,0.038,0.0135,0.215
4200380032,Verona borough,0.0,2524,416,0.1,1127,157,0.085,42.1,6.6,0.095,0.1965,0.0472,0.146,0.2068,0.0356,0.105,0.813,0.1831,0.137,0.1284,0.0947,0.449,0.0063,0.0095,0.906,0.0309,0.0216,0.425,48733,17421,0.217,33168,6799,0.125,0.1384,0.0695,0.305,0.082,0.0486,0.36,0.6857,0.0505,0.045,0.2156,0.0445,0.125,1306,154,0.072,0.1371,0.0535,0.237,1938,,,0.5758,0.0759,0.08,0.1738,0.0538,0.188,0.0865,0.0687,0.483,0.0697,0.0482,0.421,0.5439,0.1029,0.115,613,144,0.143,514,110,0.13,0.4832,0.115,0.145,919,229,0.151,145200,16432,0.069,0.4551,0.1383,0.185,0.217,0.0985,0.276,0.1848,0.1135,0.373,0.5796,0.0651,0.068,0.0549,0.0646,0.715,0.082,0.0751,0.557,0.0119,0.0174,0.885,0.1529,0.0445,0.177,0.1801,0.0793,0.268
4200380040,Versailles borough,0.0,1533,233,0.092,808,97,0.073,43.5,5.5,0.077,0.1429,0.0438,0.186,0.2335,0.0241,0.063,0.893,0.0698,0.048,0.0502,0.025,0.302,0.0,0.0078,,0.013,0.0142,0.662,42500,13295,0.19,30138,3237,0.065,0.2014,0.0508,0.153,0.0831,0.0396,0.289,0.5851,0.0765,0.079,0.1162,0.0307,0.161,865,94,0.066,0.0659,0.0363,0.335,1953,5,0.002,0.615,0.0496,0.049,0.0486,0.0285,0.357,0.2751,0.0867,0.192,0.0474,0.0236,0.302,0.4876,0.0889,0.111,394,86,0.133,414,71,0.104,0.407,0.0959,0.143,822,50,0.037,97100,20187,0.126,0.5609,0.1523,0.165,0.203,0.0942,0.282,0.2343,0.0924,0.24,0.6518,0.0639,0.06,0.0265,0.0201,0.463,0.0237,0.0217,0.558,0.0084,0.011,0.801,0.0961,0.0334,0.211,0.1621,0.0517,0.194
4200380600,Wall borough,0.0,563,210,0.227,287,83,0.176,34.7,5.0,0.088,0.254,0.0736,0.176,0.1208,0.0369,0.186,0.8419,0.1543,0.111,0.0426,0.0396,0.564,0.0018,0.0053,1.81,0.0107,0.0155,0.883,54063,25720,0.289,51526,32489,0.383,0.2718,0.1446,0.323,0.0369,0.0405,0.668,0.5982,0.1823,0.185,0.1294,0.1072,0.504,352,89,0.154,0.1847,0.0846,0.278,1938,,,0.7869,0.1156,0.089,0.0994,0.0744,0.455,0.0142,0.0408,1.747,0.0,0.0482,,0.3972,0.1446,0.221,114,53,0.283,173,56,0.197,0.3979,0.153,0.234,1160,178,0.093,53000,23996,0.275,0.4035,0.1394,0.21,0.2193,0.1534,0.425,0.2254,0.1455,0.392,0.7462,0.5037,0.41,0.0,0.0462,,0.0038,0.0114,1.798,0.0,0.0462,,0.1308,0.135,0.628,0.0557,0.0476,0.519
4200382800,West Deer township,0.0,12228,36,0.002,5331,214,0.024,51.3,4.5,0.053,0.1706,0.0307,0.109,0.2843,0.0387,0.083,0.9566,0.0183,0.012,0.0009,0.0012,0.829,0.0008,0.0012,0.912,0.0029,0.0034,0.729,94820,8828,0.057,50290,5686,0.069,0.082,0.04,0.296,0.0269,0.0152,0.343,0.587,0.0485,0.05,0.3676,0.0647,0.107,5540,249,0.027,0.0377,0.0299,0.482,1973,4,0.001,0.73,0.0471,0.039,0.0458,0.0311,0.412,0.0274,0.0251,0.556,0.0197,0.0124,0.384,0.1289,0.0375,0.177,687,202,0.179,4644,293,0.038,0.1116,0.0353,0.192,1016,373,0.223,244100,13901,0.035,0.2227,0.1313,0.358,0.1499,0.1156,0.469,0.1342,0.0441,0.2,0.7132,0.0691,0.059,0.0103,0.0101,0.595,0.0069,0.0089,0.788,0.0028,0.0048,1.062,0.2025,0.0763,0.229,0.0208,0.0138,0.402
4200382848,West Elizabeth borough,0.0,344,126,0.223,154,49,0.193,49.5,28.2,0.346,0.1831,0.0977,0.324,0.1686,0.0437,0.157,0.9448,0.063,0.041,0.0029,0.0057,1.195,0.0174,0.0313,1.092,0.0087,0.0142,0.988,55000,15085,0.167,28328,7345,0.158,0.0663,0.0386,0.354,0.0811,0.0567,0.425,0.656,0.1461,0.135,0.1355,0.1004,0.45,186,54,0.176,0.172,0.0829,0.293,1956,6,0.002,0.5968,0.1083,0.11,0.1022,0.0658,0.391,0.0108,0.0664,3.756,0.0,0.0912,,0.2662,0.1069,0.244,41,21,0.311,113,42,0.226,0.3081,0.1899,0.375,935,155,0.101,82100,18081,0.134,0.3415,0.3506,0.624,0.1463,0.1534,0.637,0.0708,0.248,2.129,0.7152,0.1171,0.1,0.0242,0.0287,0.72,0.0061,0.0241,2.419,0.0,0.0727,,0.097,0.0955,0.598,0.0844,0.069,0.497
4200383200,West Homestead borough,0.0,1905,294,0.094,838,118,0.086,38.9,2.2,0.034,0.1669,0.0351,0.128,0.2089,0.0307,0.089,0.7181,0.0466,0.039,0.1139,0.0681,0.363,0.0,0.0063,,0.0961,0.0992,0.628,77250,30388,0.239,44052,5896,0.081,0.0693,0.0402,0.353,0.084,0.0759,0.549,0.6459,0.0473,0.044,0.3464,0.071,0.125,959,98,0.062,0.1262,0.0623,0.3,1957,2,0.001,0.8227,0.0734,0.054,0.0709,0.0456,0.391,0.0615,0.0492,0.486,0.0219,0.0336,0.933,0.2458,0.0991,0.245,206,88,0.26,632,95,0.091,0.2018,0.113,0.34,1247,315,0.154,167400,14199,0.052,0.6456,0.2828,0.266,0.2476,0.2452,0.602,0.0823,0.0597,0.441,0.6416,0.0636,0.06,0.0603,0.0704,0.71,0.0258,0.0428,1.008,0.0,0.0129,,0.2142,0.0857,0.243,0.0847,0.0528,0.379
4200383512,West Mifflin borough,0.0,19190,43,0.001,8286,536,0.039,43.4,2.7,0.038,0.212,0.0382,0.109,0.199,0.0192,0.059,0.8381,0.041,0.03,0.0732,0.0228,0.189,0.0092,0.0084,0.556,0.0314,0.025,0.484,76563,9410,0.075,37627,2376,0.038,0.1117,0.0313,0.17,0.0819,0.0304,0.226,0.6579,0.025,0.023,0.2455,0.0293,0.073,8972,542,0.037,0.0765,0.0275,0.218,1956,1,0.0,0.8247,0.0296,0.022,0.0128,0.0091,0.43,0.0374,0.0215,0.349,0.0533,0.0225,0.257,0.2011,0.0326,0.099,1666,291,0.106,6620,471,0.043,0.206,0.0414,0.122,780,147,0.115,151600,6893,0.028,0.3896,0.123,0.192,0.1555,0.0783,0.306,0.1518,0.0329,0.132,0.6936,0.041,0.036,0.0366,0.0162,0.27,0.0063,0.0047,0.46,0.0,0.0021,,0.1533,0.0271,0.107,0.1027,0.0273,0.161
4200384144,West View borough,0.0,6533,16,0.001,2794,225,0.049,39.1,3.8,0.059,0.178,0.0365,0.125,0.1419,0.0312,0.134,0.8408,0.0742,0.054,0.0341,0.028,0.499,0.0044,0.006,0.818,0.0531,0.0395,0.452,84063,18049,0.131,41677,4627,0.067,0.0885,0.0421,0.29,0.0513,0.023,0.273,0.725,0.0434,0.036,0.4428,0.0831,0.114,2816,230,0.05,0.0078,0.0113,0.883,1951,5,0.002,0.6552,0.0201,0.019,0.2006,0.0807,0.245,0.021,0.0136,0.395,0.0927,0.0507,0.332,0.3225,0.0713,0.134,901,212,0.143,1893,187,0.06,0.237,0.0489,0.125,1080,92,0.052,227100,12038,0.032,0.4528,0.2008,0.27,0.2075,0.1522,0.446,0.1194,0.057,0.29,0.7851,0.0681,0.053,0.0033,0.0046,0.86,0.0258,0.0369,0.869,0.0,0.0046,,0.1317,0.0384,0.177,0.0773,0.0588,0.462
4200384440,Whitaker borough,0.0,1140,214,0.114,549,103,0.114,41.8,6.7,0.097,0.1561,0.0464,0.181,0.1763,0.0187,0.065,0.6544,0.0254,0.024,0.1974,0.0929,0.286,0.0,0.0105,,0.093,0.0743,0.486,63194,4816,0.046,32867,4684,0.087,0.2586,0.1285,0.302,0.149,0.1125,0.459,0.6656,0.138,0.126,0.1407,0.0467,0.202,638,102,0.097,0.1395,0.0636,0.277,1952,2,0.001,0.8699,0.088,0.061,0.0376,0.0374,0.605,0.0502,0.0269,0.326,0.0,0.0266,,0.4299,0.1279,0.181,236,83,0.214,313,58,0.113,0.4991,0.1473,0.179,1075,199,0.113,98500,9850,0.061,0.3051,0.0971,0.193,0.2373,0.1014,0.26,0.1278,0.0742,0.353,0.697,0.0337,0.029,0.0279,0.029,0.633,0.0,0.0223,,0.0,0.0223,,0.1152,0.0773,0.408,0.1403,0.0441,0.191
4200384512,Whitehall borough,0.0,14811,35,0.001,6727,315,0.028,43.2,3.5,0.049,0.1772,0.0298,0.102,0.2546,0.0286,0.068,0.7769,0.0578,0.045,0.0435,0.0192,0.268,0.1438,0.0593,0.251,0.0177,0.0108,0.371,89404,11120,0.076,51601,4515,0.053,0.0672,0.0286,0.259,0.0629,0.033,0.319,0.638,0.0351,0.033,0.4309,0.0521,0.074,7130,336,0.029,0.0565,0.0288,0.309,1957,2,0.001,0.6487,0.0377,0.035,0.0585,0.036,0.374,0.0474,0.0313,0.401,0.1555,0.0396,0.155,0.2486,0.046,0.112,1672,319,0.116,5055,347,0.042,0.1837,0.047,0.156,915,122,0.081,236200,8557,0.022,0.5849,0.1611,0.167,0.2835,0.1114,0.239,0.1589,0.0411,0.157,0.6864,0.0405,0.036,0.0427,0.0236,0.335,0.0155,0.0099,0.387,0.0,0.0027,,0.1646,0.035,0.129,0.0992,0.032,0.196
4200384704,White Oak borough,0.0,7468,25,0.002,3848,297,0.047,55.0,3.8,0.042,0.1668,0.0396,0.144,0.3382,0.0519,0.093,0.8654,0.0547,0.038,0.0848,0.0486,0.349,0.0011,0.0029,1.672,0.0091,0.0094,0.626,59452,9840,0.101,39800,3653,0.056,0.098,0.0401,0.249,0.0697,0.0432,0.377,0.5308,0.0473,0.054,0.2881,0.0649,0.137,3991,297,0.045,0.0358,0.0289,0.491,1955,2,0.001,0.6931,0.0472,0.041,0.0589,0.041,0.423,0.1363,0.0694,0.309,0.0529,0.0259,0.298,0.3378,0.0822,0.148,1300,332,0.155,2548,258,0.062,0.2646,0.0662,0.152,1000,129,0.078,162200,12743,0.048,0.4877,0.1297,0.162,0.23,0.1254,0.331,0.1527,0.051,0.203,0.6709,0.1155,0.105,0.0092,0.0143,0.94,0.0057,0.0102,1.078,0.0,0.0054,,0.2236,0.089,0.242,0.0442,0.0275,0.378
4200385184,Wilkins township,0.0,6212,26,0.003,3149,203,0.039,44.9,4.4,0.06,0.1706,0.0394,0.141,0.2849,0.047,0.1,0.6629,0.0589,0.054,0.2629,0.0621,0.144,0.0023,0.0024,0.651,0.0135,0.0079,0.355,65625,9566,0.089,43989,4852,0.067,0.1067,0.0423,0.241,0.0518,0.0252,0.295,0.5981,0.036,0.037,0.4395,0.0602,0.083,3257,204,0.038,0.0332,0.0251,0.46,1961,3,0.001,0.6761,0.0415,0.037,0.0135,0.0119,0.537,0.0599,0.0314,0.318,0.233,0.061,0.159,0.3741,0.0689,0.112,1178,230,0.119,1971,150,0.046,0.2659,0.0518,0.118,1097,41,0.023,174700,11899,0.041,0.4949,0.1355,0.166,0.2445,0.119,0.296,0.1461,0.0486,0.202,0.6096,0.0747,0.074,0.023,0.0144,0.382,0.0037,0.0061,0.994,0.0,0.0058,,0.2862,0.0674,0.143,0.0616,0.0364,0.36
4200385188,Wilkinsburg borough,0.0,14027,34,0.001,7685,444,0.035,40.0,2.2,0.033,0.1519,0.0294,0.118,0.2073,0.0289,0.085,0.3661,0.0376,0.062,0.4616,0.0415,0.055,0.023,0.0123,0.327,0.0527,0.0227,0.262,46416,3814,0.05,37575,3844,0.062,0.2037,0.0464,0.138,0.1115,0.0336,0.183,0.6306,0.0398,0.038,0.3666,0.0425,0.07,9563,516,0.033,0.1964,0.0305,0.094,1947,4,0.001,0.3305,0.04,0.074,0.2103,0.0377,0.109,0.172,0.0307,0.108,0.1532,0.0345,0.137,0.6992,0.0435,0.038,5373,456,0.052,2312,354,0.093,0.6982,0.0459,0.04,1025,73,0.043,155500,23204,0.091,0.5023,0.0645,0.078,0.2663,0.0533,0.122,0.1985,0.0742,0.227,0.4433,0.0635,0.087,0.2138,0.0518,0.147,0.0336,0.0193,0.35,0.0034,0.0036,0.633,0.2406,0.0482,0.122,0.2921,0.0521,0.108
4200385496,Wilmerding borough,0.0,1761,492,0.17,909,150,0.1,38.4,7.6,0.12,0.1687,0.0545,0.196,0.1414,0.0047,0.02,0.7172,0.1219,0.103,0.2521,0.1153,0.278,0.0,0.0068,,0.0216,0.0237,0.667,36467,6173,0.103,24955,4274,0.104,0.2976,0.1098,0.224,0.1271,0.0875,0.419,0.6032,0.1125,0.113,0.1641,0.0637,0.236,1147,128,0.068,0.2075,0.0704,0.206,1961,19,0.006,0.2842,0.0689,0.147,0.2302,0.0835,0.22,0.1761,0.0791,0.273,0.0976,0.0489,0.304,0.6601,0.1026,0.094,600,136,0.138,309,83,0.163,0.633,0.161,0.155,778,59,0.046,61200,11099,0.11,0.4283,0.1377,0.195,0.2533,0.1185,0.284,0.1197,0.1569,0.797,0.5492,0.1618,0.179,0.1831,0.0857,0.285,0.0541,0.0705,0.792,0.0,0.0166,,0.1054,0.091,0.525,0.3014,0.0862,0.174
