GEOID,year,pop,pop_moe,pop_cv,households,households_moe,households_cv,median_age,median_age_moe,median_age_cv,under18_share,under18_share_moe,under18_share_cv,age65_share,age65_share_moe,age65_share_cv,white_nh_share,white_nh_share_moe,white_nh_share_cv,black_nh_share,black_nh_share_moe,black_nh_share_cv,asian_nh_share,asian_nh_share_moe,asian_nh_share_cv,hispanic_share,hispanic_share_moe,hispanic_share_cv,med_hh_income,med_hh_income_moe,med_hh_income_cv,per_capita_income,per_capita_income_moe,per_capita_income_cv,poverty_share,poverty_share_moe,poverty_share_cv,unemployment_rate,unemployment_rate_moe,unemployment_rate_cv,lfpr,lfpr_moe,lfpr_cv,bachelors_share,bachelors_share_moe,bachelors_share_cv,housing_units,housing_units_moe,housing_units_cv,vacancy_share,vacancy_share_moe,vacancy_share_cv,median_year_built,median_year_built_moe,median_year_built_cv,sfd_share,sfd_share_moe,sfd_share_cv,units_2_4_share,units_2_4_share_moe,units_2_4_share_cv,units_5_19_share,units_5_19_share_moe,units_5_19_share_cv,units_20plus_share,units_20plus_share_moe,units_20plus_share_cv,renter_share,renter_share_moe,renter_share_cv,renter_hh,renter_hh_moe,renter_hh_cv,owner_hh,owner_hh_moe,owner_hh_cv,pop_renter_share,pop_renter_share_moe,pop_renter_share_cv,med_gross_rent,med_gross_rent_moe,med_gross_rent_cv,med_home_value,med_home_value_moe,med_home_value_cv,rent_burden30_share,rent_burden30_share_moe,rent_burden30_share_cv,rent_burden50_share,rent_burden50_share_moe,rent_burden50_share_cv,owner_burden30_share,owner_burden30_share_moe,owner_burden30_share_cv,drive_alone_share,drive_alone_share_moe,drive_alone_share_cv,transit_share,transit_share_moe,transit_share_cv,walk_share,walk_share_moe,walk_share_cv,bike_share,bike_share_moe,bike_share_cv,wfh_share,wfh_share_moe,wfh_share_cv,no_vehicle_share,no_vehicle_share_moe,no_vehicle_share_cv
42003,2014,1229172,0,0.0,527445,2332,0.003,41.0,0.1,0.001,0.1932,0.0012,0.004,0.1694,0.0016,0.006,0.7997,0.0003,0.0,0.1284,0.001,0.005,0.0308,0.0005,0.01,0.0174,0.0,0.0,52390,373,0.004,32378,279,0.005,0.1293,0.0032,0.015,0.0758,0.0021,0.017,0.6425,0.0025,0.002,0.3694,0.0039,0.006,589211,930,0.001,0.1048,0.0034,0.02,1955,1,0.0,0.6234,0.0033,0.003,0.0942,0.0027,0.017,0.086,0.0029,0.02,0.0858,0.0021,0.015,0.3467,0.0039,0.007,182867,2191,0.007,344578,2345,0.004,0.295,0.0041,0.009,771,6,0.005,124800,1040,0.005,0.4408,0.0079,0.011,0.2341,0.006,0.016,0.2044,0.0043,0.013,0.7205,0.0038,0.003,0.0909,0.0027,0.018,0.0417,0.0018,0.026,0.0052,0.0006,0.073,0.0395,0.0018,0.028,0.1394,0.0026,0.011
42003,2015,1231145,0,0.0,529534,1903,0.002,40.9,0.1,0.001,0.1919,0.0013,0.004,0.1711,0.0017,0.006,0.7961,0.0003,0.0,0.1286,0.0011,0.005,0.0326,0.0006,0.011,0.0183,0.0,0.0,53040,530,0.006,32848,300,0.006,0.1301,0.0031,0.015,0.0706,0.0023,0.02,0.6443,0.0026,0.002,0.3776,0.0035,0.006,589681,546,0.001,0.102,0.0033,0.02,1955,1,0.0,0.6229,0.0032,0.003,0.0943,0.0024,0.015,0.0846,0.0021,0.015,0.0875,0.0022,0.015,0.3517,0.0036,0.006,186228,2015,0.007,343306,1922,0.003,0.3007,0.0045,0.009,780,6,0.005,129600,959,0.004,0.4359,0.0085,0.012,0.2345,0.0061,0.016,0.1953,0.004,0.012,0.7211,0.0039,0.003,0.0905,0.0024,0.016,0.0422,0.0017,0.025,0.0052,0.0006,0.065,0.0416,0.0017,0.025,0.1381,0.0026,0.011
42003,2016,1230360,0,0.0,531075,2098,0.002,40.8,0.2,0.003,0.1909,0.0014,0.004,0.174,0.0018,0.006,0.7937,0.0003,0.0,0.1283,0.0011,0.005,0.0338,0.0005,0.009,0.0189,0.0,0.0,54357,456,0.005,33830,281,0.005,0.1273,0.0032,0.015,0.0641,0.0019,0.018,0.6464,0.0025,0.002,0.3907,0.0039,0.006,590150,538,0.001,0.1001,0.0033,0.02,1955,1,0.0,0.6233,0.0031,0.003,0.0932,0.0024,0.016,0.0831,0.0023,0.017,0.0893,0.002,0.013,0.353,0.0035,0.006,187450,2003,0.006,343625,2325,0.004,0.3016,0.0035,0.007,800,6,0.005,134400,929,0.004,0.4292,0.0083,0.012,0.2293,0.0066,0.018,0.1889,0.004,0.013,0.7206,0.0041,0.003,0.0916,0.0027,0.018,0.042,0.0016,0.024,0.0059,0.0006,0.059,0.0437,0.0017,0.023,0.134,0.0029,0.013
42003,2017,1229605,0,0.0,536439,2259,0.003,40.9,0.2,0.003,0.1898,0.0013,0.004,0.1774,0.0019,0.007,0.7905,0.0003,0.0,0.1271,0.0012,0.006,0.0353,0.0005,0.009,0.0196,0.0,0.0,56333,474,0.005,35280,258,0.004,0.125,0.0031,0.015,0.0594,0.002,0.02,0.6473,0.0022,0.002,0.3998,0.0037,0.006,596504,586,0.001,0.1007,0.0034,0.02,1956,1,0.0,0.6228,0.0032,0.003,0.0911,0.0026,0.017,0.0834,0.0024,0.018,0.0898,0.0021,0.015,0.3513,0.004,0.007,188427,2285,0.007,348012,2388,0.004,0.3008,0.0037,0.007,835,6,0.004,140600,988,0.004,0.4288,0.0084,0.012,0.2313,0.0058,0.015,0.1852,0.0041,0.013,0.7201,0.0033,0.003,0.0916,0.0023,0.015,0.0421,0.002,0.029,0.0059,0.0006,0.064,0.0469,0.0018,0.024,0.1312,0.0028,0.013
42003,2018,1225561,0,0.0,537960,2061,0.002,40.8,0.1,0.001,0.1888,0.0014,0.005,0.1811,0.0018,0.006,0.7876,0.0003,0.0,0.1271,0.0012,0.006,0.0363,0.0006,0.009,0.0203,0.0,0.0,58383,611,0.006,36907,294,0.005,0.1214,0.0032,0.016,0.0529,0.0017,0.02,0.6472,0.0025,0.002,0.407,0.0038,0.006,598424,610,0.001,0.101,0.0031,0.019,1956,1,0.0,0.6209,0.004,0.004,0.0917,0.0027,0.018,0.0816,0.0025,0.019,0.093,0.0022,0.014,0.3527,0.0035,0.006,189760,2011,0.006,348200,2368,0.004,0.3011,0.004,0.008,865,5,0.004,147700,993,0.004,0.426,0.0089,0.013,0.224,0.0065,0.018,0.182,0.0042,0.014,0.7146,0.0037,0.003,0.0946,0.0022,0.014,0.0411,0.0017,0.026,0.0057,0.0005,0.058,0.051,0.002,0.024,0.1323,0.0032,0.015
42003,2019,1221744,0,0.0,541541,2193,0.002,40.8,0.2,0.003,0.188,0.0015,0.005,0.1851,0.0018,0.006,0.7852,0.0002,0.0,0.1268,0.0012,0.006,0.0369,0.0006,0.01,0.0211,0.0,0.0,61043,590,0.006,38709,320,0.005,0.1163,0.0031,0.016,0.0479,0.0015,0.019,0.6502,0.0021,0.002,0.4165,0.004,0.006,600399,659,0.001,0.098,0.0036,0.022,1956,1,0.0,0.616,0.0033,0.003,0.0933,0.0023,0.015,0.0834,0.0023,0.017,0.0957,0.0023,0.014,0.3571,0.0031,0.005,193411,1847,0.006,348130,2446,0.004,0.305,0.004,0.008,890,6,0.004,154700,1005,0.004,0.4159,0.0087,0.013,0.2171,0.006,0.017,0.1737,0.0041,0.014,0.71,0.0035,0.003,0.0947,0.0023,0.015,0.0414,0.0018,0.027,0.0055,0.0006,0.071,0.0549,0.0019,0.021,0.1317,0.0026,0.012
42003,2020,1218380,0,0.0,545695,2040,0.002,40.8,0.1,0.001,0.1874,0.0017,0.006,0.1894,0.0023,0.007,0.7786,0.0013,0.001,0.1282,0.001,0.005,0.0389,0.0006,0.009,0.0218,0.0,0.0,62320,653,0.006,39541,428,0.007,0.113,0.0035,0.019,0.0486,0.0022,0.028,0.6503,0.003,0.003,0.425,0.0047,0.007,602416,636,0.001,0.0942,0.0033,0.021,1957,2,0.001,0.6166,0.0042,0.004,0.0915,0.0029,0.02,0.0823,0.0028,0.02,0.0977,0.0025,0.016,0.3572,0.0048,0.008,194901,2727,0.009,350794,2817,0.005,0.3052,0.0048,0.01,913,8,0.005,161600,1270,0.005,0.4124,0.0104,0.015,0.2105,0.0076,0.022,0.1736,0.0059,0.021,0.6918,0.0046,0.004,0.0887,0.0029,0.02,0.0392,0.0017,0.026,0.0049,0.0006,0.072,0.0859,0.0036,0.025,0.1326,0.0037,0.017
42003,2021,1246116,0,0.0,545763,2113,0.002,40.7,0.2,0.003,0.189,0.0016,0.005,0.1889,0.0023,0.007,0.7742,0.0007,0.001,0.1252,0.0016,0.008,0.0392,0.0008,0.013,0.0227,0.0,0.0,66659,832,0.008,42077,402,0.006,0.1111,0.0035,0.019,0.0508,0.0021,0.025,0.6503,0.003,0.003,0.4329,0.005,0.007,601235,585,0.001,0.0923,0.0034,0.022,1957,1,0.0,0.619,0.004,0.004,0.0885,0.003,0.02,0.0813,0.0028,0.021,0.0995,0.0024,0.015,0.3501,0.0047,0.008,191090,2646,0.008,354673,2533,0.004,0.2977,0.0043,0.009,962,8,0.005,171400,1224,0.004,0.4162,0.0111,0.016,0.2054,0.008,0.024,0.1679,0.0051,0.018,0.669,0.0044,0.004,0.077,0.0024,0.019,0.0372,0.002,0.033,0.004,0.0005,0.083,0.1274,0.0036,0.017,0.128,0.0035,0.017
42003,2022,1245310,0,0.0,545637,2171,0.002,40.6,0.1,0.001,0.1858,0.0016,0.005,0.1947,0.0024,0.008,0.7696,0.0009,0.001,0.1257,0.0016,0.008,0.0407,0.0009,0.013,0.0235,0.0,0.0,72537,869,0.007,45939,526,0.007,0.111,0.0035,0.019,0.0495,0.0023,0.028,0.6481,0.0032,0.003,0.4383,0.0052,0.007,602734,215,0.0,0.0947,0.0035,0.023,1957,1,0.0,0.6194,0.0043,0.004,0.0885,0.0025,0.017,0.0798,0.003,0.023,0.1027,0.003,0.018,0.3495,0.0047,0.008,190681,2674,0.009,354956,2878,0.005,0.2954,0.0044,0.009,1050,9,0.005,200200,1776,0.005,0.4168,0.0115,0.017,0.2046,0.0086,0.026,0.1674,0.0051,0.019,0.65,0.0043,0.004,0.0687,0.0029,0.026,0.0387,0.0022,0.034,0.0038,0.0005,0.073,0.1581,0.0039,0.015,0.1267,0.0035,0.017
42003,2023,1240476,0,0.0,546507,2137,0.002,40.6,0.1,0.001,0.1873,0.0016,0.005,0.1974,0.0024,0.007,0.7615,0.0009,0.001,0.1239,0.0015,0.007,0.0412,0.0008,0.011,0.0281,0.0,0.0,76393,842,0.007,48208,427,0.005,0.1121,0.0037,0.02,0.0494,0.0023,0.028,0.649,0.003,0.003,0.4478,0.0053,0.007,604558,242,0.0,0.096,0.0035,0.022,1957,1,0.0,0.6156,0.0044,0.004,0.0898,0.003,0.02,0.0808,0.0029,0.022,0.1048,0.0029,0.017,0.3507,0.0045,0.008,191667,2568,0.008,354840,2894,0.005,0.2959,0.0045,0.009,1111,9,0.005,216700,1559,0.004,0.4187,0.0107,0.016,0.209,0.0072,0.021,0.1658,0.0052,0.019,0.6328,0.0042,0.004,0.0618,0.0026,0.025,0.0367,0.002,0.033,0.0036,0.0005,0.08,0.1865,0.0041,0.013,0.1247,0.0037,0.018
42003,2024,1238177,0,0.0,545802,1976,0.002,40.6,0.2,0.003,0.1859,0.0017,0.005,0.2018,0.0022,0.007,0.7549,0.0011,0.001,0.1235,0.0015,0.008,0.0433,0.0008,0.011,0.0296,0.0,0.0,78548,994,0.008,49588,525,0.006,0.1152,0.004,0.021,0.0504,0.0026,0.031,0.6481,0.0031,0.003,0.4575,0.0051,0.007,606827,276,0.0,0.1006,0.0033,0.02,1957,2,0.001,0.6159,0.0041,0.004,0.0879,0.0031,0.021,0.0796,0.003,0.023,0.1062,0.003,0.017,0.3483,0.0048,0.008,190128,2721,0.009,355674,2959,0.005,0.2938,0.0046,0.01,1153,10,0.005,227600,1801,0.005,0.4316,0.011,0.015,0.2184,0.0076,0.021,0.1695,0.005,0.018,0.6188,0.005,0.005,0.0544,0.0028,0.032,0.0354,0.002,0.034,0.0039,0.0005,0.087,0.2107,0.0038,0.011,0.1194,0.0034,0.018
