GEOID,name,neighborhood,rent_2br_2019,n_units_2br_2019,n_months_2br_2019,rent_all_2019,n_units_all_2019,rent_index_2019,rent_2br_2020,n_units_2br_2020,n_months_2br_2020,rent_all_2020,n_units_all_2020,rent_index_2020,rent_2br_2021,n_units_2br_2021,n_months_2br_2021,rent_all_2021,n_units_all_2021,rent_index_2021,rent_2br_2022,n_units_2br_2022,n_months_2br_2022,rent_all_2022,n_units_all_2022,rent_index_2022,rent_2br_2023,n_units_2br_2023,n_months_2br_2023,rent_all_2023,n_units_all_2023,rent_index_2023,rent_2br_2024,n_units_2br_2024,n_months_2br_2024,rent_all_2024,n_units_all_2024,rent_index_2024,rent_2br_2025,n_units_2br_2025,n_months_2br_2025,rent_all_2025,n_units_all_2025,rent_index_2025,rent_2br_2026,n_units_2br_2026,n_months_2br_2026,rent_all_2026,n_units_all_2026,rent_index_2026,rent_2br_2019_20,n_units_2019_20,rent_2br_2025_26,n_units_2025_26,n_months_2025_26,rent_2br_growth_all,rent_2br_existing_2019_20,rent_2br_existing_2025_26,n_units_existing_2019_20,n_units_existing_2025_26,rent_2br_growth_existing,rent_all_2025_26,n_units_all_2025_26,rent_index_2025_26,rent_2br_gt_fmr,asking_rents_conf
42003010301,Tract 103.01,Bluff,,0,0,,0,,,0,0,,0,,,0,0,,0,,,0,0,,0,,,0,0,,0,,,0,0,,0,,,0,0,,0,,,0,0,,0,,,0,,0,0,,,,0,0,,,0,,,low
42003010302,Tract 103.02,Bluff,1000.0,15,29,1200.0,37,0.9090909090909091,1620.0,32,77,1577.5,61,1.2670682730923695,1820.0,54,116,1770.0,93,1.3543307086614174,1740.0,96,167,1580.0,199,1.1692307692307693,1600.0,89,228,1510.0,216,1.2307692307692308,1900.0,100,270,1725.0,245,1.2406576980568012,1780.0,77,183,1600.0,191,1.0,1950.0,97,206,1595.0,232,1.163335148168313,1580.0,42,1850.0,151,389,0.1708860759493671,1700.0,1850.0,31,60,0.08823529411764697,1600.0,356,1.1505016722408026,True,high
42003020100,Tract 201,Central Business District,2000.0,49,155,1598.0,137,1.6318181818181818,2030.0,112,456,1590.0,393,1.4417670682730923,2094.0,141,704,1550.0,538,1.4701176470588235,2250.0,174,510,1695.0,651,1.5127272727272727,2300.0,202,730,1800.0,716,1.5836363636363637,2425.5,445,1613,1802.0,1375,1.5,2567.0,496,1831,1825.0,1563,1.453061224489796,2690.0,298,1067,1835.0,943,1.3937984496124032,2030.0,126,2604.0,585,2898,0.28275862068965507,1800.0,2195.0,51,194,0.21944444444444455,1830.0,1847,1.423152709359606,True,high
42003020300,Tract 203,Strip District,2466.0,23,80,1920.0,61,1.9473684210526316,2466.0,44,191,1905.0,125,1.7016166281755196,2520.0,68,337,1900.0,196,1.7307086614173228,2730.0,120,571,2150.0,401,1.896153846153846,3000.0,201,780,2170.0,612,1.9045454545454545,3167.5,196,806,2250.0,647,1.8869565217391304,3253.0,280,963,2417.75,860,1.8873469387755102,3150.0,283,857,2406.0,851,1.808139534883721,2466.0,53,3200.0,445,1820,0.29764801297648,2250.0,3009.0,24,25,0.33733333333333326,2414.0,1350,1.8448979591836734,True,high
42003030500,Tract 305,Crawford-Roberts,1548.5,11,37,1361.5,31,1.34737211767824,1519.0,20,84,1332.0,71,1.1732101616628174,1660.0,30,135,1381.0,95,1.2881889763779528,1795.0,52,251,1453.0,150,1.313076923076923,1854.5,64,345,1598.75,222,1.33988416988417,1796.0,76,391,1607.75,284,1.291304347826087,1770.0,158,612,1608.0,404,1.217142857142857,1899.0,79,361,1644.0,277,1.2013565891472868,1526.0,22,1830.0,170,973,0.19921363040629103,,1742.0,16,75,,1618.0,507,1.213953488372093,True,high
42003040200,Tract 402,West Oakland,,1,1,2025.0,28,1.1961111111111111,,6,9,1600.0,35,1.04,,4,14,1800.0,52,1.1609498680738786,,7,19,1995.0,72,1.2307692307692308,,6,26,1950.0,132,1.1960912052117263,,4,15,2238.5,218,1.2,1950.0,24,76,2100.0,184,1.2380952380952381,2250.0,17,60,2400.0,100,1.2790697674418605,,7,2150.0,32,136,,,,1,3,,2250.0,238,1.2790697674418605,True,medium
42003040400,Tract 404,North Oakland,,4,7,1390.0,11,1.498542274052478,1599.0,17,36,1599.0,35,1.2441767068273093,1554.0,17,80,1149.0,55,1.0039370078740157,1649.0,17,57,1549.0,45,1.1363636363636365,1765.0,18,67,1735.0,69,1.3346153846153845,1749.0,14,69,1395.0,63,1.2130434782608697,2095.0,26,55,1479.0,109,1.1979310344827585,,7,16,1200.0,68,0.9419152276295133,,17,2200.0,27,71,,,,13,19,,1325.0,142,1.033793103448276,True,medium
42003040500,Tract 405,Central Oakland,1300.0,42,54,1350.0,127,1.150375939849624,1262.5,35,50,1475.0,104,1.0344827586206897,1400.0,68,118,1550.0,157,1.141732283464567,1525.0,93,124,1525.0,254,1.1538461538461537,1650.0,180,407,1650.0,418,1.2692307692307692,1725.5,215,374,1735.0,512,1.2323159784560143,1800.0,335,809,1825.0,811,1.2413793103448276,1854.0,205,440,1700.0,431,1.1428571428571428,1295.0,70,1825.0,404,1249,0.40926640926640934,1500.0,1695.0,23,84,0.1299999999999999,1800.0,993,1.2085271317829458,True,high
42003040600,Tract 406,Central Oakland,1200.0,33,47,1500.0,129,1.1785714285714286,1295.0,42,78,1440.0,140,1.0344827586206897,1240.0,66,133,1300.0,180,0.9771241830065359,1295.0,71,109,1312.5,226,0.9716981132075472,1527.5,102,172,1600.0,326,1.1538461538461537,1600.0,150,322,1640.0,464,1.1490125673249552,1500.0,194,385,1585.0,635,1.0344827586206897,1600.0,126,236,1600.0,303,1.0702341137123745,1295.0,63,1595.0,266,621,0.23166023166023164,1295.0,1600.0,31,114,0.2355212355212355,1600.0,806,1.060200668896321,True,high
42003040900,Tract 409,South Oakland,1000.0,35,55,1500.0,166,1.0,1300.0,68,133,1545.0,218,1.0401606425702812,1932.5,95,258,1804.75,290,1.2897518666346777,2883.0,89,219,2000.0,385,1.2467532467532467,1750.0,163,394,1966.5,589,1.28,1600.0,167,344,1950.0,788,1.1304347826086956,1545.0,240,552,1800.0,981,1.0714285714285714,1500.0,152,322,1750.0,524,1.0668896321070234,1100.0,91,1512.5,324,874,0.375,1100.0,1650.0,49,129,0.5,1800.0,1243,1.0702341137123745,True,high
42003050100,Tract 501,Middle Hill,,1,1,,8,,,4,5,,6,,900.0,16,25,900.0,21,0.7086614173228346,1000.0,16,30,1000.0,32,0.7692307692307693,1050.0,34,92,1050.0,90,0.7769886363636364,1050.0,40,102,1072.5,106,0.758695652173913,1097.5,34,88,1200.0,64,0.7586206896551724,1195.0,14,20,1700.0,36,0.9230769230769231,,5,1100.0,42,108,,,,2,5,,1220.0,85,0.8275862068965517,False,medium
42003050600,Tract 506,Upper Hill,,5,11,1000.0,18,0.7697368421052632,,6,12,810.0,12,0.6541500876485156,,7,7,1195.0,20,0.8267716535433071,1100.0,26,44,1100.0,52,0.8461538461538461,1200.0,34,58,1200.0,116,0.9090909090909091,1195.0,46,75,1445.0,125,0.9267563527653214,1250.0,38,85,1550.0,138,0.9714285714285714,1195.0,26,37,1420.0,89,0.9331103678929766,,8,1250.0,54,122,,,,1,4,,1500.0,190,0.9620689655172414,False,high
42003050900,Tract 509,Bedford Dwellings,,0,0,,2,,,0,0,,1,,,0,0,,1,,,4,9,,5,,1339.0,14,46,1339.0,23,1.03,1433.0,25,93,1320.0,51,1.0290843806104129,1500.0,20,63,1371.5,38,0.9861224489795918,,3,7,,3,,,0,1466.5,23,70,,,,0,12,,1350.0,41,0.9861224489795918,True,medium
42003051000,Tract 510,Terrace Village,,6,17,1350.0,11,1.3,,6,22,1297.5,12,1.1827956989247312,,9,39,1455.0,22,1.1771653543307086,,8,27,1515.0,21,1.3772727272727272,1650.0,13,37,1515.0,30,1.3590909090909091,1795.0,27,65,1750.0,83,1.2954545454545454,1949.25,60,126,1875.0,144,1.3160674981658107,2034.75,29,100,1922.75,80,1.337984496124031,,10,1995.0,78,226,,,1925.0,7,25,,1895.0,194,1.3206896551724139,True,high
42003051100,Tract 511,Terrace Village,,1,3,,2,,,0,0,,0,,,0,0,,0,,,0,0,,0,,,0,0,,0,,,0,0,,0,,,4,6,,7,,,2,12,,4,,,1,,4,18,,,,1,2,,,8,,,low
42003060300,Tract 603,Lower Lawrenceville,2260.0,39,123,1693.0,96,1.7821052631578946,2260.0,53,207,1781.25,107,1.592609699769053,1900.0,61,193,1800.0,143,1.457174638487208,2470.0,100,245,1975.0,269,1.6927272727272726,2268.0,141,348,1995.0,359,1.6193490588803088,2489.0,226,686,2054.5,543,1.6517055655296229,2546.0,251,557,2100.0,620,1.579591836734694,2550.0,139,286,2178.0,366,1.5476744186046512,2260.0,75,2550.0,338,843,0.12831858407079655,2289.0,1900.0,38,67,-0.16994320664045437,2129.0,824,1.5689655172413792,True,high
42003060500,Tract 605,Polish Hill,975.0,10,14,975.0,16,0.8863636363636364,,8,23,1100.0,22,0.9007319600984584,1139.0,34,49,1064.5,61,0.905511811023622,1100.0,26,32,1100.0,68,0.8720812182741117,2645.0,99,273,1945.0,353,1.768181818181818,2725.0,88,311,1950.0,355,1.7043478260869565,2765.0,129,328,2024.0,474,1.6519148936170214,2646.0,99,255,2030.5,326,1.5573643410852713,,16,2660.0,185,583,,,1299.0,4,27,,2027.0,609,1.6147286821705427,True,high
42003070300,Tract 703,Shadyside,1750.0,23,31,1415.0,72,1.2863636363636364,1597.5,36,56,1397.5,99,1.2048192771084338,1537.5,49,102,1400.0,134,1.1764705882352942,1549.0,65,131,1495.0,197,1.1681818181818182,1613.25,105,258,1567.5,354,1.268181818181818,1715.0,171,390,1650.0,477,1.2172351885098742,1750.0,172,385,1731.0,567,1.2244897959183674,1850.0,115,241,1795.0,337,1.2364341085271318,1635.0,51,1795.0,229,626,0.09785932721712531,1675.0,1950.0,28,103,0.16417910447761197,1750.0,755,1.2244897959183674,True,high
42003070500,Tract 705,Shadyside,1445.0,73,119,1369.0,159,1.1945488721804511,1400.0,50,82,1215.0,162,1.0669745958429562,1425.0,93,192,1285.0,234,1.062992125984252,1539.0,150,265,1320.0,375,1.1081818181818182,1695.0,195,407,1500.0,554,1.199090909090909,1695.0,271,526,1595.0,719,1.1598352782764811,1795.0,265,569,1595.0,765,1.153061224489796,1750.0,189,364,1689.0,521,1.1538095238095238,1425.0,107,1750.0,404,933,0.22807017543859653,1395.0,1650.0,67,186,0.18279569892473124,1625.0,1110,1.1538095238095238,True,high
42003070600,Tract 706,Shadyside,1700.0,33,51,1387.5,87,1.3142857142857143,1499.0,43,78,1370.0,125,1.1887550200803212,1534.0,46,151,1345.0,125,1.1653543307086613,1699.0,60,143,1400.0,181,1.1923076923076923,1770.0,102,243,1500.0,305,1.2908216783216784,1845.0,163,376,1587.0,417,1.2172351885098742,1823.25,188,382,1590.0,514,1.2,2000.0,172,327,1745.0,377,1.2209302325581395,1550.0,63,1890.0,302,709,0.2193548387096773,1550.0,1884.5,39,201,0.21580645161290324,1620.0,766,1.2040816326530612,True,high
42003070800,Tract 708,Shadyside,2681.0,32,89,1956.0,88,1.9947368421052631,2744.0,49,256,2084.0,143,1.8313169537271488,2414.0,63,130,2093.0,151,1.8418823529411765,2000.0,58,98,1972.5,188,1.7898477157360406,2215.0,105,250,1932.5,361,1.6505791505791505,2622.5,200,597,2014.0,538,1.6652173913043478,2945.0,238,627,2201.25,725,1.7506382978723405,3573.25,197,644,2499.0,650,1.85484496124031,2733.0,62,3078.0,342,1271,0.1262349066959385,2350.0,2180.0,34,122,-0.07234042553191489,2387.0,1058,1.7942857142857143,True,high
42003070900,Tract 709,Shadyside,1500.0,20,25,1180.0,77,1.2421052631578948,1700.0,38,101,1205.0,136,1.094688221709007,1535.0,41,142,1180.0,167,1.0734149054505007,1770.0,48,137,1255.0,221,1.1065989847715736,1850.0,96,275,1475.0,320,1.1727272727272726,1802.5,118,380,1500.0,488,1.1434782608695653,1830.0,150,460,1595.0,558,1.1344827586206896,1840.0,90,269,1595.0,403,1.1434108527131783,1670.0,51,1830.0,195,729,0.09580838323353302,1670.0,1845.0,27,98,0.10479041916167664,1595.0,764,1.14,True,high
42003080200,Tract 802,Bloomfield,1250.0,26,32,1250.0,55,1.0,1160.0,19,28,1182.5,35,0.9518072289156627,1362.5,36,42,1244.5,77,1.038888888888889,1500.0,47,80,1395.0,108,1.0227272727272727,1495.0,76,154,1495.0,190,1.09375,1600.0,117,237,1545.0,215,1.111310592459605,1595.0,115,217,1600.0,245,1.0285714285714285,1595.0,56,96,1600.0,129,1.0465116279069768,1200.0,41,1595.0,152,313,0.3291666666666666,,1425.0,14,41,,1600.0,321,1.0310344827586206,True,high
42003080400,Tract 804,Bloomfield,1300.0,27,46,1500.0,95,1.1857142857142857,1265.0,21,33,1500.0,96,1.113448275862069,1297.0,36,66,1195.0,105,0.9411764705882353,1445.0,38,56,1250.0,127,0.9652229845626072,1395.0,66,154,1755.0,330,1.289902280130293,1649.0,115,296,1895.0,401,1.5068181818181818,2300.0,167,453,1920.0,520,1.3624489795918366,2200.0,138,316,2170.0,448,1.5155023547880693,1299.0,43,2210.0,246,769,0.7013086989992301,1299.0,1600.0,25,80,0.23171670515781373,2055.0,788,1.471571906354515,True,high
42003080600,Tract 806,Bloomfield,1150.0,12,17,1100.0,39,1.0454545454545454,1230.0,22,34,1030.0,85,0.9136258660508083,1295.0,40,62,1010.0,125,0.917686318131257,1340.0,44,65,1200.0,138,1.010909090909091,1395.0,79,165,1250.0,220,1.0,1450.0,73,139,1250.0,282,1.0,1500.0,101,171,1250.0,352,0.9655172413793104,1510.0,82,137,1400.0,241,1.002675585284281,1200.0,31,1500.0,169,308,0.25,1200.0,1495.0,20,69,0.24583333333333335,1310.0,534,0.9795918367346939,True,high
42003080700,Tract 807,Friendship,1295.0,16,24,1225.0,53,1.0714285714285714,1300.0,28,46,1097.0,94,0.9782608695652174,1275.0,45,79,1100.0,150,0.9498680738786279,1395.0,50,69,1159.0,174,1.0142131979695432,1495.0,88,194,1350.0,310,1.0616554054054053,1627.5,105,242,1320.0,380,1.0412926391382407,1669.0,134,270,1585.0,514,1.1379310344827587,1750.0,70,131,1618.75,371,1.1705685618729098,1297.5,40,1700.0,169,401,0.3102119460500963,1250.0,1595.0,25,68,0.276,1595.0,759,1.1458966565349544,True,high
42003080900,Tract 809,Bloomfield,1038.75,21,46,995.0,50,0.9421052631578948,995.0,17,34,975.0,55,0.8304849884526558,1300.0,47,77,1000.0,134,0.9364705882352942,1400.0,68,96,1235.75,173,1.0,1375.0,78,145,1350.0,217,1.0681818181818181,1375.0,111,229,1325.0,328,1.0164424514200299,1487.5,134,288,1349.0,362,1.0,1600.0,94,197,1450.0,271,1.0465116279069768,995.0,34,1525.0,201,485,0.5326633165829147,,1525.0,17,91,,1390.5,543,1.0081632653061225,True,high
42003090100,Tract 901,Central Lawrenceville,1350.0,24,57,1400.0,44,1.4736842105263157,1795.0,30,47,1662.5,66,1.393010752688172,1645.0,44,66,1580.5,96,1.2418300653594772,1750.0,79,131,1750.0,165,1.4285714285714286,2100.0,103,220,1995.0,249,1.5795454545454546,1800.0,175,366,1850.0,368,1.3644524236983842,1975.0,170,386,1940.0,376,1.406808510638298,1950.0,115,269,1950.0,223,1.3695290423861852,1600.0,46,1975.0,235,655,0.234375,,2100.0,15,64,,1945.0,512,1.3905640203154237,True,high
42003090200,Tract 902,Central Lawrenceville,1487.5,18,24,1500.0,34,1.3181818181818181,1795.0,29,46,1925.0,49,1.4850074962518742,1825.0,32,61,1695.0,68,1.437007874015748,1800.0,78,138,1800.0,164,1.3846153846153846,1962.5,154,304,1950.0,270,1.5,1875.0,175,384,1995.0,347,1.4319880418535127,2000.0,138,300,2000.0,301,1.4285714285714286,2195.0,85,165,2050.0,176,1.4261904761904762,1587.5,42,2050.0,189,465,0.2913385826771653,,1695.0,9,38,,2000.0,402,1.4261904761904762,True,high
42003090300,Tract 903,Bloomfield,1095.0,14,20,1100.0,36,0.9285714285714286,1262.5,18,24,1197.5,33,0.9274110058134905,1295.0,37,62,1350.0,82,0.984251968503937,1395.0,41,53,1350.0,99,0.988789512374418,1500.0,103,194,1495.0,209,1.1346153846153846,1600.0,118,217,1600.0,247,1.2567324955116697,1595.0,119,249,1600.0,284,1.103448275862069,1744.0,67,130,1700.0,180,1.2374581939799332,1185.0,29,1600.0,168,379,0.35021097046413496,,1593.5,10,37,,1650.0,408,1.1387755102040817,True,high
42003100500,Tract 1005,Stanton Heights,863.5,13,18,1000.0,22,0.8136363636363636,,9,22,1200.0,14,0.8931034482758621,949.0,10,19,949.0,20,0.7990588235294117,1200.0,30,51,1412.5,69,1.0,1275.0,54,149,1275.0,80,0.9807692307692307,1350.0,64,148,1390.0,131,0.9267563527653214,1495.0,55,113,1600.0,105,0.9862068965517241,1474.5,39,88,1598.5,61,1.0,,18,1495.0,70,201,,,,14,8,,1600.0,133,1.0,True,high
42003101100,Tract 1011,Upper Lawrenceville,1300.0,27,37,1310.0,60,1.0571428571428572,1200.0,33,54,1250.0,64,0.9646863315330287,1300.0,59,81,1350.0,125,1.0196850393700787,1590.0,92,167,1600.0,216,1.1868210405946256,1545.0,163,316,1695.0,325,1.1923076923076923,1557.5,200,410,1700.0,445,1.1304347826086956,2000.0,257,572,2225.0,732,1.5971428571428572,3415.0,172,595,2595.0,548,1.9775193798449613,1250.0,55,2965.0,327,1167,1.3719999999999999,,1583.75,19,52,,2516.0,939,1.7755102040816326,True,high
42003101400,Tract 1014,Morningside,,9,12,1150.0,25,0.8928571428571429,1100.0,26,31,1100.0,52,0.8275862068965517,1100.0,53,91,1100.0,80,0.8764705882352941,1475.0,58,79,1400.0,107,1.0387112887112888,1455.0,107,233,1455.0,206,1.0454545454545454,1599.0,115,262,1640.0,227,1.0549371633752245,1625.0,111,245,1699.0,234,1.1,1490.0,74,149,1489.0,194,0.9959866220735786,1095.0,33,1595.0,166,394,0.45662100456621,,1489.0,13,30,,1599.0,379,1.0535714285714286,True,high
42003101800,Tract 1018,Stanton Heights,,6,6,1300.0,12,0.9954545454545455,,5,10,,9,,1375.0,13,20,1395.0,26,1.0823529411764705,1650.0,34,56,1680.0,50,1.2545454545454546,1550.0,45,132,1700.0,86,1.1538461538461537,1587.5,40,98,1800.0,97,1.1210762331838564,1463.745,85,138,1700.0,155,1.1387755102040817,1695.0,32,53,1750.0,93,1.182170542635659,,10,1500.0,104,191,,,,2,4,,1700.0,214,1.1708571428571428,True,high
42003101900,Tract 1019,Garfield,,7,10,1000.0,13,0.9068181818181817,,3,4,1362.5,16,1.0344827586206897,,8,10,1400.0,36,1.0274895785085687,1395.0,16,20,1400.0,60,0.9390862944162437,1395.0,14,31,2000.0,76,1.0892508143322475,1650.0,39,64,1695.0,122,1.1075,1675.0,44,94,1600.0,123,1.043103448275862,1850.0,31,61,1750.0,80,1.14,,9,1675.0,59,155,,,,0,3,,1675.0,171,1.1,True,high
42003110200,Tract 1102,Highland Park,1250.0,19,30,1237.0,57,1.0892857142857142,1299.0,33,63,1199.0,88,1.0040160642570282,1250.0,52,140,1100.0,156,0.9411764705882353,1500.0,70,167,1400.0,183,1.0079523463957427,1599.0,142,381,1500.0,319,1.1538461538461537,1744.5,132,412,1629.0,391,1.173913043478261,1799.0,158,387,1702.5,463,1.1387755102040817,2085.0,112,259,1799.0,277,1.1638795986622072,1299.0,45,1850.0,229,646,0.42417244033872215,1250.0,2185.0,24,115,0.748,1740.0,642,1.1510344827586207,True,high
42003110600,Tract 1106,Highland Park,,7,8,1200.0,23,0.8928571428571429,,3,5,874.5,15,0.8387096774193549,1100.0,16,26,1300.0,52,0.9967058823529412,1550.0,15,16,1399.0,68,0.9615384615384616,1385.0,15,32,1390.0,102,1.0653846153846154,1397.5,35,56,1449.0,157,0.9566517189835575,1400.0,36,54,1475.0,128,0.9379310344827586,1325.0,16,42,1525.0,126,0.9428571428571428,,9,1367.5,47,96,,,,3,10,,1495.0,230,0.9428571428571428,True,medium
42003111300,Tract 1113,East Liberty,987.5,16,26,1150.0,50,0.9045454545454545,1250.0,41,64,1074.0,96,0.9237875288683602,1200.0,58,90,1025.0,147,0.8890885297389256,1362.5,78,112,1200.0,212,1.0,1399.0,114,209,1294.5,361,1.0618255308880309,1445.0,178,349,1350.0,437,1.0323916561335147,1435.0,193,382,1375.0,489,0.9993103448275862,1460.0,102,199,1409.0,300,0.9736741519350215,1200.0,52,1449.0,263,581,0.20750000000000002,1050.0,1360.0,25,78,0.2952380952380953,1400.0,696,0.9914728682170543,True,high
42003111400,Tract 1114,Garfield,950.0,11,17,1000.0,28,0.8636363636363636,,8,12,950.0,26,0.8314087759815243,895.0,17,22,1000.0,42,0.7915567282321899,1100.0,25,47,1250.0,96,0.8476052249637156,1281.0,43,88,1375.0,123,0.924375,1360.0,42,95,1495.0,138,0.925,1445.0,65,127,1497.5,162,0.9591836734693877,1395.0,43,69,1455.0,99,1.003875968992248,,17,1395.0,96,196,,,1100.0,6,29,,1495.0,234,0.9655172413793104,True,high
42003111500,Tract 1115,East Liberty,1162.5,13,28,1355.0,55,1.0909090909090908,1200.0,32,76,1300.0,102,1.1,1295.0,56,173,1240.0,163,1.0196850393700787,1300.0,71,197,1695.0,284,1.2727272727272727,1875.0,121,318,1913.5,460,1.7470454545454546,1530.0,152,487,1695.0,585,1.3304347826086957,1678.75,211,672,1818.0,721,1.417142857142857,1713.0,160,449,1825.0,509,1.3550387596899225,1200.0,37,1680.0,292,1121,0.3999999999999999,1139.0,1592.0,25,118,0.3977172958735733,1825.0,951,1.3767660910518051,True,high
42003120300,Tract 1203,Lincoln-Lemington-Belmar,,1,1,,5,,,2,4,,7,,,5,10,,9,,1200.0,18,30,1200.0,26,0.9230769230769231,1044.5,35,55,995.0,56,0.8034615384615384,1095.0,32,54,1095.0,59,0.7863554757630161,1200.0,66,137,1225.0,86,0.8258620689655172,1200.0,36,71,1350.0,67,0.8445682888540031,,3,1200.0,83,208,,,,0,0,,1296.5,124,0.8266502463054187,False,high
42003120900,Tract 1209,Larimer,,1,2,,5,,,2,2,1455.0,10,1.0869565217391304,,1,1,1795.0,16,0.8076923076923077,,6,8,1387.5,18,0.9230769230769231,1075.0,15,36,1400.0,44,0.875,,8,11,1500.0,53,1.0762331838565022,1200.0,27,56,1400.0,84,0.8428571428571429,1200.0,19,59,1200.0,56,0.8428571428571429,,3,1200.0,38,115,,,,0,0,,1350.0,113,0.8428571428571429,False,medium
42003130200,Tract 1302,Homewood North,,0,0,,0,,,0,0,,2,,,0,0,,0,,,3,3,,5,,,0,0,,4,,,5,11,1700.0,22,0.72,1100.0,11,27,1800.0,35,0.8,,9,22,1900.0,44,0.903010033444816,,0,,17,49,,,,0,0,,1900.0,66,0.8053781966825445,,low
42003130600,Tract 1306,East Hills,,2,2,,3,,,0,0,,1,,,1,1,,4,,,4,7,,9,,,4,4,1250.0,13,0.78125,,6,8,1250.0,19,0.7473841554559043,1062.5,11,18,1400.0,35,0.8241379310344827,,8,11,1500.0,31,0.8571428571428571,,2,,19,29,,,,0,0,,1499.5,58,0.8571428571428571,,low
42003130700,Tract 1307,Homewood North,,2,2,,3,,,2,4,,4,,,6,11,,9,,,1,1,,9,,,8,28,1100.0,14,0.8461538461538461,1250.0,18,45,1250.0,51,0.8258527827648114,1250.0,22,81,1250.0,61,0.8620689655172413,1250.0,14,31,1300.0,48,0.8361204013377926,,3,1250.0,31,112,,,,0,0,,1250.0,89,0.8620689655172413,False,medium
42003130800,Tract 1308,Homewood South,,3,4,,6,,,0,0,,1,,,2,2,,6,,,9,23,900.0,22,0.6923076923076923,1050.0,11,19,1200.0,35,0.8129370629370629,1000.0,23,33,1250.0,76,0.8643579736164233,1250.0,29,44,1370.0,81,0.9314567206192822,995.0,20,55,1150.0,50,0.7348837209302326,,3,1025.0,36,99,,,,0,1,,1295.0,105,0.8571428571428571,False,medium
42003140100,Tract 1401,Squirrel Hill North,,1,1,2662.5,18,1.7857142857142858,,0,0,2750.0,12,1.8275862068965516,,2,2,2900.0,46,1.8205804749340369,,2,2,3000.0,30,1.8867924528301887,1775.0,12,16,3000.0,104,1.718125,,8,9,3300.0,122,1.8385650224215246,1800.0,13,17,3650.0,153,2.0,1775.0,20,23,2700.0,72,1.5384615384615385,,1,1775.0,29,40,,,,0,10,,3400.0,191,1.9428571428571428,True,medium
42003140200,Tract 1402,Squirrel Hill North,1399.0,26,41,1280.0,63,1.1931818181818181,1350.0,28,67,1220.0,70,1.021505376344086,1320.0,49,111,1249.0,96,1.031496062992126,1430.0,68,133,1315.0,151,1.0653846153846154,1570.0,67,177,1490.0,169,1.1916083916083915,1695.0,98,213,1555.0,253,1.18491921005386,1745.0,129,274,1520.0,374,1.1172413793103448,1750.0,98,193,1700.0,268,1.1428482834994464,1365.0,46,1750.0,200,467,0.28205128205128216,1345.0,1725.0,40,108,0.2825278810408922,1590.0,550,1.137123745819398,True,high
42003140300,Tract 1403,Squirrel Hill North,1350.0,22,37,1600.0,60,1.3333333333333333,1577.5,23,30,1631.25,51,1.3801863502428926,1660.0,36,85,1695.0,109,1.3236656763550996,1743.0,45,107,1880.0,162,1.380503144654088,1750.0,88,180,2199.0,289,1.4230769230769231,1880.0,100,240,2177.0,276,1.345291479820628,1895.0,119,255,2025.0,341,1.2448979591836735,1895.0,58,95,2149.0,239,1.2542857142857142,1400.0,42,1895.0,166,350,0.35357142857142865,1350.0,1839.0,27,73,0.3622222222222222,2050.0,499,1.2448979591836735,True,high
42003140400,Tract 1404,Point Breeze,,6,7,1250.0,10,1.1045454545454545,,7,11,1475.0,16,1.103448275862069,,2,3,1500.0,12,1.1811023622047243,1525.0,27,42,1550.0,46,1.1923076923076923,1450.0,15,27,2275.0,51,1.375,1695.0,43,83,1695.0,78,1.2172351885098742,1825.0,44,83,2125.0,106,1.3057142857142856,1820.0,22,33,1925.0,51,1.2207357859531773,,12,1820.0,57,116,,,1800.0,2,23,,1960.0,147,1.2876254180602007,True,high
42003140500,Tract 1405,Point Breeze North,1285.0,23,30,995.0,61,0.968421052631579,1310.0,22,33,995.0,70,0.8868360277136259,1325.0,43,77,1295.0,121,0.9882352941176471,1372.5,64,90,1295.0,163,1.0031446540880504,1399.5,140,258,1495.0,318,1.0944625407166124,1595.0,158,310,1539.0,403,1.0947826086956522,1439.5,155,306,1450.0,379,1.0,1699.0,157,318,1500.0,384,1.0813953488372092,1300.0,43,1510.0,268,624,0.16153846153846163,,1429.0,18,98,,1499.0,666,1.0271428571428571,True,high
42003140800,Tract 1408,Squirrel Hill South,1350.0,29,56,1332.5,111,1.1193181818181817,1361.25,22,58,1362.5,108,1.0344827586206897,1495.0,34,81,1495.0,156,1.1023622047244095,1500.0,54,146,1500.0,253,1.1345279720279722,1500.0,105,243,1599.0,445,1.1958041958041958,1635.0,123,305,1750.0,542,1.18,1650.0,137,377,1700.0,701,1.14,1665.25,102,274,1611.0,408,1.0945736434108526,1350.0,43,1653.0,194,651,0.22444444444444445,1350.0,1595.0,26,107,0.18148148148148158,1679.0,929,1.12015503875969,True,high
42003141100,Tract 1411,Swisshelm Park,,6,6,1000.0,12,0.8421052631578947,,1,2,,5,,,8,12,1012.5,15,0.8,,5,5,1400.0,21,1.0377358490566038,1200.0,10,12,1200.0,23,0.9045454545454545,1400.0,20,43,1495.0,44,0.9566517189835575,1400.0,15,19,1575.0,45,0.9755102040816327,,5,6,1600.0,25,1.082857142857143,,7,,19,25,,,,3,7,,1600.0,59,1.0257142857142858,,low
42003141200,Tract 1412,Point Breeze,1250.0,16,23,1237.5,41,1.1089234449760765,1300.0,15,20,1322.5,41,1.0231384884924744,1250.0,29,46,1155.0,83,0.963764705882353,1300.0,38,53,1495.0,118,1.0357510414114186,1400.0,71,118,1299.0,198,1.040909090909091,1450.0,97,208,1373.0,270,0.9904347826086957,1557.495,106,202,1680.0,251,1.0517241379310345,1649.0,72,163,1649.0,154,1.0571428571428572,1250.0,26,1599.0,157,365,0.2791999999999999,,1531.9975,12,40,,1649.0,354,1.0571428571428572,True,high
42003141300,Tract 1413,Squirrel Hill South,1420.0,33,54,1205.5,150,1.168421052631579,1348.0,53,142,1210.0,201,1.0610441767068273,1390.0,68,167,1271.0,258,1.0776470588235294,1490.0,94,247,1317.5,352,1.1131818181818183,1520.0,162,430,1375.0,660,1.1557692307692307,1495.0,203,676,1397.5,797,1.073608617594255,1545.0,254,767,1475.0,1012,1.0571428571428572,1575.0,191,571,1481.0,720,1.0465116279069768,1357.5,72,1560.0,361,1338,0.149171270718232,1380.0,1576.5,36,195,0.142391304347826,1475.0,1392,1.0557142857142856,True,high
42003141400,Tract 1414,Squirrel Hill South,1350.0,32,56,1075.0,90,1.055393586005831,1365.0,29,69,1010.0,78,1.0069284064665127,1305.0,34,100,1090.0,112,1.016470588235294,1325.0,55,141,1180.0,166,1.0011363636363635,1547.5,122,274,1425.0,322,1.0961538461538463,1550.0,118,368,1418.0,382,1.0233393177737882,1600.0,154,435,1590.0,445,1.0553191489361702,1528.0,91,257,1415.0,269,1.0,1365.0,57,1590.0,200,692,0.16483516483516492,1425.0,1521.0,32,94,0.06736842105263152,1495.0,577,1.028,True,high
42003151600,Tract 1516,Greenfield,,8,8,1050.0,21,0.8947368421052632,,5,6,1130.0,22,0.9310344827586207,1250.0,10,13,1250.0,39,0.9150326797385621,1200.0,33,44,1400.0,91,0.974025974025974,1190.0,31,68,1350.0,141,0.9375,1325.0,46,88,1500.0,183,0.9565217391304348,1295.0,78,161,1425.0,227,0.9310344827586207,1350.0,53,107,1500.0,187,0.9142857142857143,,13,1300.0,114,268,,,1225.0,5,44,,1475.0,360,0.9142857142857143,True,high
42003151700,Tract 1517,Greenfield,1050.0,30,36,1150.0,89,0.9019138755980861,965.0,23,29,1100.0,69,0.842391304347826,997.5,33,70,1097.5,94,0.7952941176470588,1147.5,59,106,1325.0,207,0.961038961038961,1295.0,113,252,1400.0,331,0.9747596153846154,1350.0,136,309,1525.0,502,0.9717507473841555,1365.0,151,331,1550.0,525,0.96,1395.0,74,163,1545.0,261,0.9585714285714286,1050.0,50,1385.0,188,494,0.319047619047619,,1265.0,17,43,,1550.0,671,0.96,True,high
42003160800,Tract 1608,South Side Slopes,1150.0,26,32,1300.0,86,0.9642857142857143,1150.0,28,36,1275.0,83,0.8883187924110234,1250.0,62,89,1375.0,178,0.9771241830065359,1395.0,93,164,1465.0,324,0.9615384615384616,1350.0,180,403,1500.0,500,1.0,1300.0,194,391,1525.0,649,0.933572710951526,1395.0,257,515,1525.0,658,0.9620689655172414,1450.0,141,313,1575.0,366,0.9866220735785953,1150.0,52,1397.0,339,828,0.21478260869565213,1150.0,1395.0,28,125,0.21304347826086967,1550.0,868,0.9685714285714285,True,high
42003160900,Tract 1609,South Side Flats,1857.5,62,112,1600.0,178,1.5263157894736843,1602.5,79,188,1575.0,229,1.3394919168591224,1890.0,103,272,1670.0,311,1.3647058823529412,2192.5,228,835,1810.0,607,1.5677272727272726,2070.0,262,783,1750.0,810,1.3907670454545453,2122.5,308,951,1900.0,1037,1.4021641558036064,2200.0,343,1027,1895.0,1176,1.3974468085106384,2372.5,250,636,1936.75,785,1.364922480620155,1689.5,118,2234.0,469,1663,0.32228469961527084,1734.0,1962.5,65,142,0.1317762399077278,1905.0,1588,1.379591836734694,True,high
42003161000,Tract 1610,Arlington,,7,12,950.0,22,0.8368421052631579,,7,7,974.5,24,0.7182534485769163,,9,14,1199.0,38,0.7915567282321899,1050.0,24,26,1150.0,92,0.8131868131868132,1100.0,48,93,1295.0,150,0.8409090909090909,1125.0,60,132,1200.0,164,0.8617594254937163,1200.0,67,119,1345.0,203,0.8571428571428571,1355.0,30,55,1380.0,109,0.8333333333333334,,13,1200.0,90,174,,,,5,9,,1350.0,283,0.8488372093023255,False,high
42003170200,Tract 1702,South Side Flats,1220.0,95,136,1395.0,267,1.1585714285714286,1200.0,88,132,1300.0,259,1.0344827586206897,1500.0,133,268,1495.0,418,1.1437908496732025,1480.0,260,541,1600.0,827,1.1320754716981132,1500.0,375,892,1695.0,1280,1.1363636363636365,1595.0,492,1156,1699.0,1567,1.1131059245960502,1650.0,452,1008,1800.0,1640,1.1020408163265305,1650.0,300,542,1909.0,1015,1.1428571428571428,1200.0,159,1650.0,629,1550,0.375,1200.0,1646.0,78,278,0.3716666666666666,1850.0,2138,1.1142857142857143,True,high
42003170600,Tract 1706,South Side Slopes,1000.0,36,56,1275.0,103,0.9090909090909091,1112.5,20,28,1299.0,102,0.8766743648960739,1100.0,37,66,1311.25,145,0.872613349801863,1100.0,89,133,1425.0,316,0.8805031446540881,1395.0,138,341,1499.0,427,0.9545454545454546,1400.0,139,278,1595.0,493,0.9328545780969479,1350.0,144,343,1599.0,527,0.9310344827586207,1355.0,109,254,1495.0,330,0.903010033444816,1025.0,50,1355.0,218,597,0.3219512195121952,1150.0,1350.0,22,91,0.17391304347826098,1584.5,724,0.9142857142857143,True,high
42003180300,Tract 1803,Allentown,1025.0,25,32,1100.0,62,0.8888888888888888,950.0,29,32,1100.0,87,0.7991967871485943,1099.0,36,72,1275.0,133,0.8496732026143791,1150.0,51,86,1310.0,207,0.8636363636363636,1150.0,107,245,1249.0,289,0.8727272727272727,1250.0,143,380,1350.0,417,0.8819133034379671,1277.0,143,371,1349.0,412,0.8565714285714285,1325.0,112,249,1356.25,287,0.8662207357859532,995.0,45,1299.0,223,620,0.30552763819095485,,1260.0,17,64,,1350.0,617,0.8565714285714285,False,high
42003180700,Tract 1807,Mount Washington,1100.0,24,30,1199.0,51,0.9421052631578948,1062.5,23,34,1199.0,54,0.8275862068965517,1125.0,39,67,1250.0,95,0.8823529411764706,1287.5,77,127,1400.0,192,0.8834815184815185,1250.0,101,197,1495.0,306,0.9090909090909091,1250.0,137,270,1450.0,347,0.8968609865470852,1390.0,97,248,1500.0,300,0.8857142857142857,1299.0,66,113,1495.0,194,0.8571428571428571,1082.5,42,1350.0,149,361,0.24711316397228633,,,4,19,,1500.0,431,0.8714285714285714,True,high
42003190300,Tract 1903,Mount Washington,1250.0,10,14,1350.0,36,1.0454545454545454,,9,12,1475.0,34,0.8967391304347826,1295.0,41,61,1361.25,90,0.9803535587463332,1300.0,47,68,1445.0,137,1.0,1495.0,62,138,1574.5,220,1.046875,1500.0,85,185,1650.0,269,1.0053859964093357,1450.0,95,193,1500.0,246,0.9685714285714285,1445.0,46,64,1495.0,137,0.9422857142857143,,19,1450.0,124,257,,,1350.0,8,29,,1500.0,341,0.9685714285714285,True,high
42003191100,Tract 1911,Duquesne Heights,1100.0,25,42,1200.0,53,1.0,1075.0,22,39,1150.0,47,0.896551724137931,1200.0,28,51,1394.0,72,0.9590139467860636,1383.75,46,84,1361.25,124,0.9996153846153846,1250.0,84,171,1500.0,209,1.0,1500.0,111,240,1558.5,279,1.0017953321364452,1450.0,94,185,1650.0,257,1.0,1425.0,84,183,1425.0,201,0.9428571428571428,1100.0,42,1447.5,154,368,0.3159090909090909,,1399.0,18,40,,1550.0,386,0.9685714285714285,True,high
42003191400,Tract 1914,Mount Washington,1250.0,52,81,1275.0,103,1.0909090909090908,1325.0,70,135,1300.0,130,1.0441767068273093,1500.0,89,258,1399.0,172,1.1104575163398693,1300.0,142,239,1375.0,318,1.0,1325.0,197,399,1425.0,496,1.0,1395.0,282,623,1475.0,602,1.0017953321364452,1400.0,243,530,1500.0,560,0.9655172413793104,1475.0,210,420,1500.0,443,1.0,1262.5,108,1450.0,383,950,0.14851485148514842,1500.0,1475.0,42,114,-0.01666666666666672,1500.0,854,0.9755102040816327,True,high
42003191500,Tract 1915,Mount Washington,987.0,32,44,985.0,60,0.8954545454545455,950.0,27,42,975.0,50,0.7931034482758621,1000.0,52,90,1199.5,106,0.8661417322834646,1272.5,77,112,1450.0,160,0.9433962264150944,1262.5,125,262,1325.0,281,0.9615384615384616,1325.0,121,261,1440.0,333,0.926391382405745,1300.0,129,243,1490.0,357,0.9114285714285715,1395.0,70,143,1450.0,188,0.9108527131782945,975.0,52,1350.0,172,386,0.3846153846153846,,1225.0,14,49,,1475.0,475,0.9108527131782945,True,high
42003191600,Tract 1916,Beechview,800.0,14,21,895.0,29,0.7111111111111111,862.5,12,24,900.0,37,0.7068965517241379,999.0,34,41,1099.5,82,0.8251505326540065,1145.0,92,129,1200.0,187,0.8773584905660378,1149.75,131,260,1200.0,286,0.9045454545454545,1198.0,151,303,1299.0,379,0.8478260869565217,1200.0,186,369,1300.0,411,0.8285714285714286,1255.0,101,195,1360.0,248,0.851937984496124,800.0,24,1240.0,244,564,0.55,,1195.0,13,55,,1300.0,568,0.84,False,high
42003191700,Tract 1917,Brookline,917.5,10,22,935.0,19,0.7789473684210526,900.0,12,19,1095.0,28,0.751004016064257,950.0,19,30,1112.5,52,0.7704441356595131,1030.0,28,53,1425.0,101,0.9230769230769231,985.0,61,163,1200.0,174,0.8312703583061889,1020.0,70,162,1200.0,198,0.8,1250.0,77,154,1347.5,169,0.8448275862068966,1140.0,62,144,1300.0,128,0.810077519379845,,19,1212.5,115,298,,,1018.75,10,34,,1320.0,251,0.8408163265306122,False,high
42003191800,Tract 1918,Brookline,892.5,10,12,990.0,24,0.8084415584415584,,7,9,1050.0,17,0.788117989198172,,7,12,1299.5,41,0.8496732026143791,1050.0,20,30,1500.0,85,0.9512578616352201,1150.0,55,108,1275.0,168,0.9090909090909091,1199.0,52,89,1417.5,174,0.8891304347826087,1250.0,62,96,1500.0,214,0.8620689655172413,1200.0,39,55,1500.0,151,0.88,,16,1250.0,92,151,,,,3,14,,1500.0,317,0.8695652173913043,False,high
42003191900,Tract 1919,Brookline,,9,11,1000.0,17,0.7678571428571429,875.0,10,13,975.0,21,0.7310607949037529,1150.0,10,13,1000.0,21,0.7874015748031497,1100.0,25,29,1180.0,51,0.8701298701298701,1095.0,33,64,1162.5,114,0.8461538461538461,1200.0,42,76,1300.0,135,0.8789237668161435,1300.0,47,79,1395.0,119,0.8828571428571429,1300.0,35,54,1385.0,92,0.8695652173913043,,18,1300.0,71,133,,,,2,7,,1395.0,181,0.8714285714285714,True,high
42003192000,Tract 1920,Beechview,,7,8,1100.0,33,0.8214285714285714,895.0,11,13,1050.0,38,0.7241379310344828,1037.5,22,26,1200.0,66,0.8467577582213988,1199.0,51,72,1449.5,136,0.9167440735365264,1195.0,112,197,1200.0,258,0.8846153846153846,1200.0,110,205,1349.0,264,0.8652173913043478,1298.0,150,323,1450.0,365,0.8931034482758621,1350.0,79,146,1395.0,181,0.8662207357859532,,17,1298.0,202,469,,,1298.0,5,23,,1400.0,482,0.8779310344827587,False,high
42003202200,Tract 2022,Sheraden,,4,5,,5,,,4,7,,9,,,8,10,1000.0,17,0.7183006535947712,1100.0,11,13,1275.0,41,0.7766233766233767,974.5,16,30,1237.5,64,0.7620809320972187,1125.0,22,37,1250.0,73,0.7623318385650224,997.5,21,44,1000.0,93,0.6489795918367347,1095.0,19,49,1200.0,56,0.7357859531772575,,6,1000.0,34,93,,,,2,3,,1100.0,133,0.6959981547687695,False,medium
42003202300,Tract 2023,Banksville,,1,1,,4,,,8,31,980.0,29,0.8683602771362586,1180.0,11,47,920.0,31,0.8470588235294118,1280.0,19,59,1037.5,56,0.8818181818181818,1320.0,26,81,1275.0,131,0.9954545454545455,1450.0,50,179,1380.0,164,0.9838420107719928,1475.0,49,141,1440.0,136,1.0057142857142858,1490.0,28,100,1325.0,77,0.9767441860465116,,8,1490.0,62,241,,,,3,9,,1400.0,158,0.9959183673469387,True,high
42003241300,Tract 2413,Troy Hill,1835.0,39,105,1590.0,76,1.5736842105263158,1772.5,51,148,1550.0,145,1.3475750577367207,1725.0,39,80,1384.5,122,1.219529411764706,1735.0,91,185,1501.0,286,1.2081818181818182,1475.0,136,341,1425.0,404,1.0769230769230769,1823.0,224,536,1592.0,562,1.210762331838565,1741.0,219,659,1610.25,477,1.14,1680.5,151,356,1600.0,361,1.0852713178294573,1787.5,74,1734.0,303,1015,-0.02993006993006997,1795.0,1893.0,31,104,0.05459610027855155,1607.0,691,1.1224489795918366,True,high
42003250900,Tract 2509,Fineview,,3,5,,6,,,2,9,,7,,,6,15,1125.0,13,0.8661417322834646,1450.0,14,16,1450.0,28,1.0062893081761006,,7,13,1675.0,28,0.96875,1425.0,14,27,1550.0,45,1.0143626570915618,1350.0,12,32,1400.0,38,0.9589490968801313,1450.0,14,22,1795.0,40,1.081419015766842,,5,1400.0,26,54,,,,0,0,,1595.0,74,0.9684729064039409,True,medium
42003260200,Tract 2602,Perry North,,5,5,975.0,16,0.7894736842105263,,3,4,995.0,13,0.6862068965517242,,7,17,1095.0,26,0.7810457516339869,995.0,18,26,1150.0,66,0.7830188679245284,1200.0,33,62,1200.0,99,0.809375,1287.5,36,80,1300.0,123,0.8310911808669657,1600.0,65,160,1395.0,169,0.8571428571428571,1400.0,35,83,1335.0,89,0.8361204013377926,,8,1600.0,83,243,,,1197.5,3,22,,1375.0,223,0.8566650740563784,True,high
42003260700,Tract 2607,Perry North,,4,5,,7,,,6,6,900.0,13,0.6862068965517242,,5,7,962.5,17,0.6696129895527765,1075.0,21,35,1249.0,62,0.8144654088050315,1150.0,33,54,1300.0,73,0.8723127035830619,1250.0,44,81,1300.0,98,0.8617594254937163,1350.0,68,154,1350.0,124,0.8936170212765957,1500.0,34,98,1500.0,88,0.9114285714285715,,9,1456.25,88,252,,,1150.0,5,21,,1491.75,179,0.896551724137931,True,high
42003261300,Tract 2613,Summer Hill,,0,0,,2,,,0,0,,0,,,0,0,,4,,,5,5,,9,,,9,28,1225.0,15,0.9375,1300.0,15,28,1300.0,35,0.8695652173913043,,5,6,1600.0,19,0.8095238095238095,1200.0,13,27,1200.0,23,0.802675585284281,,0,,18,33,,,,0,0,,1350.0,42,0.802675585284281,,low
42003261400,Tract 2614,Perry South,,2,3,,8,,,7,8,997.5,22,0.7458737071995181,1172.5,11,14,1000.0,29,0.8,1150.0,22,38,1150.0,75,0.8409090909090909,1312.0,37,68,1350.0,95,0.871875,1200.0,47,76,1300.0,145,0.8071748878923767,1075.0,42,79,1350.0,163,0.7971428571428572,1200.0,28,51,1450.0,105,0.8565714285714285,,8,1095.0,60,130,,,995.0,1,22,,1395.0,240,0.8285714285714286,False,high
42003261500,Tract 2615,Perry South,,1,2,,5,,,3,4,,4,,,2,2,,7,,,2,2,1500.0,19,0.7547169811320755,1006.25,11,16,1395.0,37,0.7692307692307693,1399.0,13,25,1395.0,46,0.8938714499252616,1100.0,21,33,1500.0,55,0.8571428571428571,1600.0,12,32,1595.0,41,1.0702341137123745,,4,1395.0,31,65,,,,1,0,,1500.0,89,0.921231527093596,True,medium
42003262000,Tract 2620,Spring Hill-City View,,4,5,,6,,,4,5,,9,,,9,10,948.5,18,0.7315243682774948,,7,10,1225.0,35,0.8157232704402516,1095.0,25,39,1147.0,66,0.8078175895765473,1375.0,24,51,1295.0,95,0.8652173913043478,1195.0,27,47,1400.0,94,0.8571428571428571,995.0,11,33,1337.0,57,0.8,,7,1125.0,35,80,,,,3,4,,1400.0,123,0.8,False,medium
42003270100,Tract 2701,Brighton Heights,885.0,11,16,995.0,24,0.8,,7,14,972.5,26,0.7603727004857848,1075.0,16,27,1200.0,45,0.8496732026143791,1300.0,26,39,1212.5,72,0.8773584905660378,1297.5,60,104,1285.0,143,0.9156414432473063,1200.0,81,132,1200.0,151,0.8617594254937163,1200.0,57,102,1200.0,146,0.8333333333333334,1350.0,36,58,1350.0,102,0.8527131782945736,,16,1300.0,85,160,,,,6,17,,1300.0,228,0.8394887720974678,True,high
42003270300,Tract 2703,Brighton Heights,,5,9,939.0,13,0.7997368421052632,,6,10,925.0,24,0.7292745082424146,937.5,19,28,900.0,46,0.7741176470588236,937.5,15,24,1000.0,50,0.75,1140.0,32,74,1140.0,83,0.7791530944625407,1000.0,42,87,1100.0,113,0.7540394973070018,1100.0,54,111,1195.0,112,0.8275862068965517,1150.0,29,82,1200.0,61,0.7993311036789298,,11,1100.0,73,193,,,,2,4,,1195.0,158,0.8275862068965517,False,high
42003270800,Tract 2708,Brighton Heights,,8,16,950.0,13,0.8636363636363636,,0,0,,1,,,8,11,997.5,16,0.7755905511811023,1100.0,24,33,1250.0,51,0.8461538461538461,1295.0,42,56,1345.0,78,0.9192307692307692,1500.0,22,38,1550.0,73,0.933572710951526,1500.0,23,33,1575.0,83,0.9023809523809524,1382.5,24,40,1388.75,52,0.8571428571428571,,8,1395.0,39,73,,,,4,10,,1500.0,113,0.9,True,medium
42003271600,Tract 2716,Marshall-Shadeland,,6,8,900.0,13,0.7045454545454546,,6,10,800.0,19,0.6379310344827587,895.0,12,19,900.0,44,0.7078740157480315,995.0,29,58,1100.0,83,0.7727272727272727,1025.0,31,83,1100.0,133,0.7727272727272727,1095.0,60,101,1200.0,199,0.7742899850523169,1150.0,51,95,1350.0,183,0.7857142857142857,1200.0,50,116,1300.0,137,0.802675585284281,,12,1200.0,88,211,,,,4,5,,1350.0,284,0.8,False,high
42003281400,Tract 2814,Crafton Heights,,4,7,,7,,,3,4,,6,,,5,7,962.5,10,0.7263779527559056,,7,12,1425.0,20,0.8831087151841869,1200.0,17,30,1250.0,39,0.8269230769230769,1250.0,22,37,1475.0,63,0.8938714499252616,1500.0,19,37,1500.0,57,0.878,1200.0,11,14,1350.0,38,0.7953377926421406,,6,1500.0,29,51,,,,1,8,,1450.0,82,0.8542857142857143,True,medium
42003281500,Tract 2815,Crafton Heights,,3,3,,7,,,1,1,,7,,,6,9,1197.5,13,0.8684270666694367,1065.0,15,28,1350.0,46,0.9192307692307692,1050.0,21,31,1395.0,55,0.8833876221498371,1150.0,24,38,1449.0,80,0.8663677130044843,1060.0,29,47,1550.0,80,0.8206896551724138,1150.0,19,35,1595.0,68,0.8896321070234113,,4,1132.5,40,82,,,,0,5,,1587.5,126,0.8809523809523809,False,medium
42003290100,Tract 2901,Carrick,,6,6,862.5,11,0.7294258373205742,,8,11,795.0,20,0.6385542168674698,737.5,14,20,800.0,30,0.6352941176470588,899.0,21,39,996.0,65,0.7227272727272728,1124.75,55,124,1146.25,143,0.7961538461538462,1137.0,66,126,1155.0,146,0.7892280071813286,1100.0,49,108,1300.0,158,0.7714285714285715,1200.0,26,45,1300.0,94,0.8535642618251313,,13,1150.0,67,153,,,,2,4,,1300.0,224,0.7859531772575251,False,high
42003290200,Tract 2902,Carrick,,9,9,850.0,15,0.7727272727272727,,9,10,828.0,21,0.6650602409638554,,8,12,1125.0,29,0.7058823529411765,1000.0,23,33,1295.0,97,0.8333333333333334,1095.0,41,77,1200.0,147,0.7932247557003257,1150.0,77,159,1150.0,230,0.7899461400359067,1195.0,90,241,1200.0,285,0.7714285714285715,1295.0,63,141,1292.5,149,0.8043680956724435,,17,1200.0,119,382,,,,3,12,,1245.0,365,0.7971428571428572,False,high
42003290400,Tract 2904,Carrick,950.0,14,23,862.5,32,0.7714285714285715,850.0,13,29,900.0,38,0.7228915662650602,961.0,21,43,950.0,44,0.7516339869281046,995.0,50,90,1150.0,133,0.8176100628930818,975.0,60,144,999.0,237,0.8125,1050.0,97,216,1099.0,282,0.782608695652174,1099.0,118,282,1150.0,357,0.7346938775510204,1195.0,56,122,1200.0,196,0.7714285714285715,900.0,25,1147.5,155,404,0.2749999999999999,,996.0,7,21,,1195.0,476,0.7517241379310344,False,high
42003300100,Tract 3001,Knoxville,,3,3,800.0,14,0.6136363636363636,747.0,12,15,900.0,26,0.625,850.0,22,33,895.0,54,0.6992084432717678,850.0,42,57,1100.0,119,0.7227272727272728,945.0,50,108,1144.0,152,0.755,1040.0,88,164,1195.0,258,0.8,950.0,78,172,1295.0,261,0.7714285714285715,1200.0,60,138,1325.0,165,0.7993798375537506,,14,1050.0,119,310,,,,3,12,,1300.0,362,0.7857142857142857,False,high
42003310200,Tract 3102,Lincoln Place,,0,0,,3,,,2,2,,3,,,5,6,1100.0,18,0.7480314960629921,,5,6,1450.0,29,0.8647798742138365,1250.0,23,51,1386.25,53,0.96875,1225.0,16,47,1447.5,58,0.933572710951526,1352.5,17,44,1575.0,95,0.9142857142857143,,8,18,1599.5,47,0.9,,2,1355.0,24,62,,,,0,0,,1599.0,126,0.9137142857142857,True,medium
42003320400,Tract 3204,Overbrook,,3,3,,7,,,2,3,,9,,,5,5,1027.5,11,0.7290849673202614,,8,9,1099.5,16,0.8038461538461539,1122.5,19,41,1150.0,43,0.8461538461538461,1195.0,21,36,1250.0,66,0.8581687612208259,1200.0,21,36,1325.0,53,0.7931034482758621,1108.0,19,32,1395.0,44,0.7971428571428572,,5,1174.5,33,68,,,,1,2,,1350.0,85,0.7971428571428572,False,medium
42003320600,Tract 3206,Brookline,,7,11,1150.0,14,0.8571428571428571,,5,7,925.0,12,0.7429718875502008,,7,9,1195.0,23,0.7810457516339869,1250.0,15,19,1500.0,50,0.9615384615384616,997.0,29,60,1400.0,77,0.934375,1050.0,18,32,1449.5,73,0.8968609865470852,1050.0,27,40,1562.5,96,0.9,1350.0,18,38,1550.0,66,0.903010033444816,,11,1350.0,42,78,,,,4,6,,1550.0,145,0.903010033444816,True,medium
42003320700,Tract 3207,Overbrook,,3,3,1050.0,10,0.75,,1,1,,5,,,4,4,1300.0,15,0.8496732026143791,,5,8,1385.0,36,0.878930817610063,1183.75,16,22,1475.0,59,0.9375,1375.0,23,59,1420.0,72,0.9566517189835575,1375.0,13,28,1550.0,86,0.9114285714285715,1375.0,20,31,1430.0,57,0.9,,4,1375.0,32,59,,,,1,0,,1500.0,129,0.9114285714285715,True,medium
42003561900,Tract 5619,Lincoln-Lemington-Belmar,,0,0,,2,,,1,1,,2,,,0,0,,3,,,1,1,,6,,,1,1,1275.0,14,0.8129997038791827,,8,23,1425.0,39,0.7772795216741405,,9,22,1645.0,42,0.8,1100.0,12,29,1500.0,34,0.8323459149546106,,1,960.0,20,51,,,,0,0,,1594.0,67,0.8163265306122449,False,medium
42003562000,Tract 5620,North Oakland,1720.0,32,73,1417.5,88,1.2886363636363636,1705.0,49,169,1240.0,193,1.1325301204819278,1625.0,53,205,1140.0,235,1.0588235294117647,1679.0,64,118,1158.75,295,1.0227272727272727,1699.0,91,230,1400.0,316,1.0954545454545455,1849.0,179,435,1652.0,640,1.220825852782765,1900.0,228,682,1749.0,848,1.2127659574468086,2015.0,122,347,1535.0,639,1.1627906976744187,1705.0,61,1925.0,282,1029,0.12903225806451624,1785.0,1853.5,44,121,0.03837535014005611,1680.0,1193,1.197408637873754,True,high
42003562300,Tract 5623,Hazelwood,,5,7,950.0,14,0.7727272727272727,,2,3,995.0,14,0.6862068965517242,,9,14,895.0,16,0.7047244094488189,950.0,18,26,1200.0,50,0.7307692307692307,1225.0,28,55,1225.0,81,0.78125,1409.0,37,120,1409.0,93,0.8695652173913043,1150.0,45,111,1250.0,105,0.7965517241379311,1112.25,25,72,1200.0,79,0.7692307692307693,,7,1150.0,66,183,,,,1,4,,1250.0,163,0.7931034482758621,False,high
42003562400,Tract 5624,Beltzhoover,,6,8,875.0,15,0.6363636363636364,,3,3,900.0,11,0.6024096385542169,,9,11,1137.0,19,0.6978346456692913,875.0,14,26,1175.0,48,0.7692307692307693,1099.0,21,37,1375.0,82,0.75,1250.0,44,90,1350.0,133,0.8364723467862482,1250.0,49,125,1300.0,128,0.8571428571428571,1300.0,29,55,1445.0,88,0.8428571428571429,,7,1261.25,68,180,,,,2,18,,1340.0,182,0.8428571428571429,False,high
42003562500,Tract 5625,Sheraden,,2,2,849.0,15,0.6671992481203007,,6,8,875.0,18,0.603448275862069,935.0,10,14,975.0,32,0.6535947712418301,895.0,15,16,1050.0,58,0.7077890662796322,1000.0,36,89,1085.0,138,0.742671009771987,1096.0,52,117,1250.0,174,0.7817391304347826,1000.0,58,114,1212.5,188,0.7586206896551724,1057.0,41,87,1350.0,137,0.7914285714285714,,8,1000.0,82,201,,,,1,18,,1300.0,279,0.7714285714285715,False,high
42003562600,Tract 5626,Elliott,,7,12,897.5,19,0.7477272727272728,,9,9,1000.0,24,0.7204819277108434,899.0,33,52,900.0,55,0.7482352941176471,998.0,32,45,1149.0,80,0.7813934493179777,1100.0,71,125,1175.0,179,0.7727272727272727,1195.0,86,177,1202.0,198,0.8043478260869565,1150.0,99,178,1250.0,222,0.8241379310344827,1200.0,73,148,1250.0,176,0.7993311036789298,,14,1195.0,152,326,,,,3,14,,1250.0,345,0.802675585284281,False,high
42003562700,Tract 5627,Allegheny Center,,5,19,1202.5,33,1.2682215743440233,1318.75,14,44,1100.0,65,1.0312265227190518,1525.0,20,65,1117.5,84,1.1058823529411765,1605.0,55,143,1325.0,160,1.2045454545454546,1652.5,55,129,1267.5,197,1.1386363636363637,1750.0,46,151,1292.5,203,1.1282608695652174,1850.0,47,138,1325.0,165,1.0851063829787233,1820.0,22,67,1360.0,137,1.0478806907378335,,15,1850.0,51,205,,,1850.0,13,30,,1340.0,212,1.070820668693009,True,high
42003562800,Tract 5628,East Carnegie,,2,3,,7,,,3,4,,5,,,5,10,890.0,12,0.7123622047244094,1399.0,12,30,1200.0,38,0.7955974842767296,1324.0,10,16,1324.0,38,0.8848756292567368,1200.0,31,48,1245.0,59,0.8258527827648114,1150.0,25,51,1299.0,64,0.8476190476190476,1100.0,18,37,1250.0,42,0.7926908743430483,,4,1150.0,37,88,,,,2,7,,1250.0,94,0.8,False,medium
42003562901,Tract 5629.01,Hazelwood,,7,10,810.0,13,0.7681818181818182,,9,12,889.0,17,0.7140562248995983,972.5,14,22,915.0,22,0.7480314960629921,900.0,30,52,1200.0,49,0.8423076923076923,1195.0,31,43,1295.0,74,0.871875,1200.0,48,99,1200.0,102,0.866965620328849,1175.0,60,151,1100.0,105,0.8103448275862069,1400.0,29,49,1217.5,59,0.8488372093023255,,16,1200.0,85,200,,,,4,4,,1150.0,154,0.8103448275862069,False,high
42003563000,Tract 5630,Fairywood,,4,7,947.5,11,0.8392857142857143,,5,16,985.0,12,0.8267898383371824,,4,23,1152.5,11,0.9176470588235294,1283.75,13,44,1290.0,28,0.9807692307692307,1332.5,21,59,1292.5,57,0.996875,1262.5,29,82,1240.0,80,0.8988611349621419,1398.75,17,58,1400.0,48,0.9285714285714286,1341.0,15,42,1335.0,35,0.9147286821705426,,8,1390.0,26,100,,,,2,4,,1395.0,69,0.9214285714285715,True,medium
42003563100,Tract 5631,Westwood,,6,8,,9,,,5,5,922.5,13,0.714859437751004,950.0,10,15,995.0,22,0.7834645669291339,995.0,13,19,900.0,50,0.8,965.0,26,39,1125.0,102,0.7692307692307693,1089.0,56,133,1129.0,155,0.8020926756352765,1159.0,50,141,1198.0,130,0.7993103448275862,1154.0,32,81,1300.0,107,0.8361204013377926,,9,1155.25,64,222,,,,2,7,,1250.0,194,0.8027586206896552,False,high
42003563201,Tract 5632.01,North Shore,,5,11,1565.0,12,1.6473684210526316,,7,20,1520.5,16,1.3635103926096999,,5,16,1811.25,14,1.6781176470588235,2492.5,10,45,1916.5,20,1.7223076923076923,,3,3,,6,,,0,0,,0,,,5,11,1928.0,15,1.5738775510204082,,3,11,,8,,,7,,5,22,,,,7,5,,,15,,,low
42003563202,Tract 5632.02,East Allegheny,,8,10,1200.0,25,1.105263157894737,1300.0,18,35,1100.0,50,0.9699769053117783,1300.0,36,71,1100.0,101,0.905511811023622,1300.0,61,108,1250.0,188,0.9545454545454546,1400.0,62,133,1250.0,225,1.0,1650.0,63,136,1462.5,227,1.1096172373353943,1600.0,83,185,1600.0,318,1.1215986394557822,1975.0,56,146,1825.0,175,1.2403100775193798,1300.0,25,1900.0,118,331,0.46153846153846145,,1975.0,7,42,,1700.0,419,1.183673469387755,True,high
42003565100,Tract 5651,Central Northside,1200.0,20,27,1200.0,36,1.0909090909090908,1250.0,28,37,1187.5,56,0.9374047915801136,1295.0,51,73,1295.0,108,1.0196850393700787,1450.0,85,147,1400.0,193,1.1354895104895104,1550.0,155,317,1500.0,370,1.2115384615384615,1825.0,125,339,1699.0,395,1.3043478260869565,1750.0,155,287,1777.0,400,1.3051724137931036,1600.0,84,172,1700.0,289,1.2415282392026579,1200.0,46,1750.0,210,459,0.45833333333333326,,1495.0,13,32,,1750.0,602,1.2449612403100776,True,high
42003565200,Tract 5652,Manchester,1075.0,11,14,1175.0,22,1.0,1125.0,20,24,1162.5,42,0.9006928406466512,1175.0,27,47,1150.0,64,0.9430291801760073,1300.0,40,72,1225.0,110,1.0,1345.0,71,164,1295.0,221,1.0173076923076922,1480.0,77,166,1480.0,258,1.0732436472346787,1525.0,73,120,1400.0,255,1.0,1525.0,73,137,1400.0,214,0.9867396082178691,1100.0,27,1525.0,128,257,0.38636363636363646,,1425.0,10,35,,1400.0,415,0.9868571428571429,True,high
42003565300,Tract 5653,Hays,,1,3,,1,,,1,1,,1,,,0,0,,0,,,3,5,,9,,975.0,12,18,1125.0,16,0.8653846153846154,1125.0,25,48,1200.0,31,0.8370702541106129,1250.0,19,51,1325.0,27,0.9137931034482759,,5,6,1650.0,15,0.8095238095238095,,2,1250.0,24,57,,,,1,0,,1400.0,38,0.8571428571428571,False,medium
42003980000,Tract 9800,Lincoln-Lemington-Belmar,,0,0,,0,,,0,0,,0,,,0,0,,0,,,0,0,,0,,,0,0,,0,,,0,0,,0,,,0,0,,0,,,0,0,,0,,,0,,0,0,,,,0,0,,,0,,,low
42003980100,Tract 9801,Highland Park,,0,0,,0,,,5,5,1371.25,14,1.0471887550200802,,0,0,,0,,,0,0,,0,,,0,0,,0,,,0,0,,0,,,0,0,,0,,,0,0,,0,,,5,,0,0,,,,0,0,,,0,,,low
42003980300,Tract 9803,Squirrel Hill South,,0,0,,0,,,0,0,,0,,,0,0,,0,,,0,0,,0,,,0,0,,0,,,0,0,,0,,,0,0,,0,,,0,0,,0,,,0,,0,0,,,,0,0,,,0,,,low
42003980400,Tract 9804,Perry North,,1,1,,1,,,1,1,,1,,,1,2,,1,,,0,0,,0,,,0,0,,0,,,0,0,,0,,,0,0,,0,,,0,0,,0,,,1,,0,0,,,,1,0,,,0,,,low
42003980500,Tract 9805,Squirrel Hill South,,0,0,,0,,,0,0,,0,,,0,0,,0,,,1,1,,1,,,1,1,,1,,,2,2,,2,,,0,0,,0,,,0,0,,0,,,0,,0,0,,,,0,0,,,0,,,low
42003980600,Tract 9806,Chateau,,0,0,,0,,,2,3,,2,,,3,5,,4,,,0,0,,0,,,0,0,,0,,,0,0,,0,,,1,1,,1,,,0,0,,0,,,2,,1,1,,,,0,0,,,1,,,low
42003980700,Tract 9807,South Shore,,4,10,2355.0,13,2.4272727272727272,2770.0,22,43,2065.0,79,1.907621247113164,3207.0,14,34,2104.0,58,1.980235294117647,3723.5,19,55,2432.75,61,2.2115909090909094,3388.0,32,115,2558.0,85,2.2470454545454546,3753.0,32,98,2476.5,114,2.10556552962298,3179.0,29,139,2541.0,85,2.039310344827586,3196.0,33,84,2752.0,91,2.031438127090301,2760.0,23,3190.0,38,223,0.1557971014492754,,,0,0,,2637.0,108,2.0321974371143803,True,medium
42003980800,Tract 9808,South Oakland,,0,0,,0,,,0,0,,0,,,0,0,,0,,,0,0,,0,,,0,0,,0,,,0,0,,0,,,0,0,,0,,,0,0,,0,,,0,,0,0,,,,0,0,,,0,,,low
42003980900,Tract 9809,Marshall-Shadeland,,0,0,,0,,,0,0,,0,,,0,0,,0,,,0,0,,0,,,0,0,,0,,,0,0,,0,,,0,0,,0,,,0,0,,0,,,0,,0,0,,,,0,0,,,0,,,low
42003981000,Tract 9810,Central Lawrenceville,,1,1,,1,,,1,1,,1,,,1,2,,1,,,2,2,,2,,,0,0,,3,,,2,3,,5,,,0,0,,6,,,0,0,,0,,,2,,0,0,,,,0,0,,,6,,,low
42003981100,Tract 9811,Point Breeze,,0,0,,0,,,0,0,,0,,,0,0,,0,,,0,0,,0,,,0,0,,0,,,0,0,,0,,,0,0,,3,,,0,0,,2,,,0,,0,0,,,,0,0,,,4,,,low
42003981200,Tract 9812,North Shore,,0,0,,0,,,0,0,,0,,,0,0,,0,,,0,0,,0,,3157.5,12,24,2931.25,20,2.420909090909091,3148.0,22,123,2908.0,36,2.184560143626571,2943.0,16,44,2674.0,28,1.8441379310344828,,4,11,,7,,,0,,18,55,,,,0,0,,2623.5,30,1.8441379310344828,,low
42003981800,Tract 9818,Lincoln-Lemington-Belmar,,0,0,,0,,,0,0,,0,,,0,0,,0,,,0,0,,0,,,0,0,,0,,,0,0,,0,,,0,0,,0,,,0,0,,0,,,0,,0,0,,,,0,0,,,0,,,low
42003982200,Tract 9822,North Oakland,,4,6,1497.5,14,1.3613636363636363,1495.0,11,25,1495.0,29,1.2008032128514057,,4,6,960.0,10,0.9035294117647059,,1,1,,3,,,8,8,1750.0,23,1.2692307692307692,,3,5,,8,,,1,1,,7,,,1,3,,1,,,12,,2,4,,,,4,0,,,8,,,low
