GEOID,rent_2br_2019,n_units_2br_2019,rent_2br_2020,n_units_2br_2020,rent_2br_2021,n_units_2br_2021,rent_2br_2022,n_units_2br_2022,rent_2br_2023,n_units_2br_2023,rent_2br_2024,n_units_2br_2024,rent_2br_2025,n_units_2br_2025,rent_2br_2026,n_units_2br_2026,rent_2br_2019_20,n_units_2019_20,rent_2br_2025_26,n_units_2025_26,rent_2br_growth_all,rent_2br_existing_2019_20,rent_2br_existing_2025_26,rent_2br_growth_existing,rent_2br_gt_fmr,asking_rents_conf
15106,900.0,41,950.0,50,1032.5,61,1100.0,133,1176.0,196,1200.0,268,1250.0,257,1350.0,203,947.5,78,1295.0,407,0.366754617414248,900.0,1350.0,0.5,False,high
15120,850.0,47,850.0,68,1500.0,39,1100.0,132,1100.0,264,1200.0,281,1200.0,396,1295.0,287,850.0,102,1200.0,567,0.41176470588235303,825.0,1992.5,1.415151515151515,False,high
15201,1645.0,127,2046.0,158,1725.0,213,1800.0,421,1850.0,705,2000.0,895,2250.0,1019,2599.0,706,1912.5,245,2395.0,1396,0.2522875816993464,2260.0,1795.0,-0.20575221238938057,True,high
15203,1300.0,205,1366.0,202,1524.75,318,1800.0,628,1550.0,869,1625.0,1062,1695.0,1090,1800.0,738,1350.0,354,1700.0,1521,0.2592592592592593,1425.0,1640.0,0.15087719298245617,True,high
15204,848.0,10,836.5,14,935.0,21,1100.0,38,1050.0,78,1110.0,99,1000.0,90,1100.0,77,848.0,22,1085.5,143,0.2800707547169812,,1000.0,,False,high
15205,1337.5,58,1250.0,82,1200.0,127,1295.0,243,1295.0,350,1350.0,454,1480.0,515,1540.0,330,1290.0,114,1500.0,665,0.16279069767441867,1727.75,1455.0,-0.15786427434524675,True,high
15206,1295.0,141,1549.5,237,1300.0,362,1420.0,473,1575.0,812,1700.0,1078,1669.0,1317,1800.0,897,1480.0,323,1700.0,1851,0.14864864864864868,1265.0,1740.0,0.3754940711462451,True,high
15207,899.5,28,895.0,23,950.0,42,995.0,94,1192.5,135,1250.0,180,1250.0,240,1322.5,130,899.0,51,1250.0,338,0.39043381535038924,,1265.0,,False,high
15208,1285.0,33,1310.0,28,1295.0,61,1300.0,92,1395.0,167,1499.0,226,1400.0,246,1545.0,221,1295.0,57,1450.0,399,0.11969111969111967,1200.0,1429.0,0.1908333333333334,True,high
15210,900.0,86,870.0,90,900.0,145,1000.0,318,1100.0,548,1150.0,745,1195.0,814,1250.0,492,895.0,157,1200.0,1122,0.34078212290502785,900.0,1175.0,0.3055555555555556,False,high
15211,1100.0,143,1200.0,151,1250.0,246,1300.0,379,1297.0,561,1390.0,724,1400.0,650,1449.0,468,1150.0,263,1400.0,969,0.21739130434782616,1275.0,1399.0,0.09725490196078423,True,high
15212,1400.0,118,1435.0,143,1295.0,216,1400.0,371,1400.0,596,1550.0,702,1507.5,733,1450.0,492,1430.0,226,1495.0,1047,0.045454545454545414,1500.0,1855.25,0.23683333333333323,True,high
15213,1316.25,178,1479.0,260,1499.0,353,1600.0,375,1650.0,644,1700.0,851,1790.0,1235,1800.0,748,1449.0,375,1796.0,1599,0.23947550034506548,1475.0,1700.0,0.15254237288135597,True,high
15214,850.0,18,890.0,24,997.5,33,1150.0,85,1200.0,132,1280.0,171,1349.0,208,1400.0,143,855.0,38,1350.0,308,0.5789473684210527,,1100.0,,True,high
15215,995.0,31,1050.0,30,1125.0,54,1250.0,115,1250.0,204,1250.0,214,1295.0,235,1350.0,204,1050.0,55,1345.0,377,0.28095238095238084,,1300.0,,True,high
15216,975.0,87,947.5,73,1050.0,148,1195.0,377,1199.0,572,1200.0,587,1250.0,711,1300.0,376,950.0,145,1280.0,947,0.34736842105263155,900.0,1250.0,0.38888888888888884,False,high
15217,1350.0,141,1350.0,147,1391.5,204,1490.0,307,1525.0,599,1550.0,700,1590.0,811,1595.0,523,1350.0,256,1595.0,1116,0.18148148148148158,1365.0,1567.5,0.14835164835164827,True,high
15218,875.0,56,885.0,60,900.0,118,1000.0,201,1075.0,324,1114.0,415,1200.0,377,1210.0,234,875.0,112,1200.0,540,0.37142857142857144,885.0,1275.0,0.44067796610169485,False,high
15219,1623.5,61,1962.5,151,1948.0,228,1800.0,287,1792.5,399,1899.0,501,1850.0,559,1965.0,384,1868.0,176,1895.0,722,0.014453961456102782,1600.0,1712.5,0.0703125,True,high
15220,1188.75,25,1330.0,48,1200.0,76,1265.0,95,1300.0,187,1385.0,232,1433.75,262,1470.0,179,1215.0,62,1440.0,366,0.18518518518518512,1365.0,1467.5,0.07509157509157505,True,high
15221,899.0,99,1007.0,133,1045.0,168,1175.0,298,1250.0,643,1275.0,917,1300.0,797,1350.0,490,950.0,201,1310.0,1092,0.3789473684210527,990.0,1350.0,0.36363636363636354,True,high
15222,2295.0,57,2295.0,92,2318.0,139,2600.0,235,2821.5,302,2735.0,499,3011.25,610,3009.0,416,2295.0,114,3009.0,799,0.3111111111111111,2195.0,2395.0,0.09111617312072884,True,high
15224,1100.0,87,1195.0,80,1300.0,168,1400.0,220,1450.0,384,1595.0,508,1600.0,585,1695.0,389,1150.0,151,1650.0,847,0.4347826086956521,1097.5,1545.0,0.4077448747152619,True,high
15226,900.0,35,875.0,34,950.0,48,1050.0,86,1021.25,182,1200.0,190,1250.0,223,1295.0,167,900.0,63,1250.0,340,0.38888888888888884,,1100.0,,False,high
15227,850.0,47,870.0,50,900.0,101,977.5,157,1000.0,312,1050.0,409,1100.0,433,1150.0,299,850.0,91,1122.5,620,0.3205882352941176,,1095.0,,False,high
15232,1472.5,167,1450.0,195,1400.0,288,1547.5,405,1650.0,543,1700.0,784,1787.5,882,1820.5,635,1472.5,315,1799.0,1289,0.22173174872665524,1449.0,1750.0,0.20772946859903385,True,high
15233,1150.0,12,1195.0,28,1299.0,45,1400.0,89,1500.0,119,2050.0,119,1850.0,123,1575.0,81,1195.0,36,1700.0,175,0.42259414225941416,,1500.0,,True,high
15234,820.0,28,817.5,31,900.0,46,980.0,65,1050.0,119,1045.0,154,1195.0,147,1300.0,97,820.0,46,1259.0,224,0.5353658536585366,800.0,1199.0,0.49875,False,high
15236,814.5,23,1244.0,51,1279.0,69,1300.0,120,1100.0,183,1199.0,234,1249.0,223,1349.0,158,900.0,61,1295.0,306,0.4388888888888889,858.75,1316.5,0.5330422125181951,False,high
15260,,0,,0,,0,,0,,0,,0,,0,,0,,0,,0,,,,,,low
15282,,0,,0,,0,,0,,0,,0,,0,,0,,0,,0,,,,,,low
15290,,0,,0,,0,,1,,0,,0,,0,,0,,0,,0,,,,,,low
