GEOID,lu_residential,lu_commercial,lu_industrial,lu_institutional,lu_vacant,vacant_lots,parcels,zoned_single,zoned_2_3,zoned_multi,zoned_mixed,zoned_industrial,zoned_parks_hillside,zoned_planned
4200300724,0.4995,0.0479,0.0496,0.1013,0.2164,143,763,,,,,,,
4200303320,0.7367,0.0541,0.0,0.1694,0.0288,30,1119,,,,,,,
4200303608,0.5486,0.0685,0.0019,0.1641,0.1549,165,1866,,,,,,,
4200303928,0.5446,0.0684,0.0105,0.0818,0.1906,502,8225,,,,,,,
4200303932,0.6183,0.0764,0.0536,0.0944,0.1194,48,1050,,,,,,,
4200305216,0.46,0.0964,0.0059,0.1743,0.1743,140,792,,,,,,,
4200305312,0.6269,0.0974,0.0003,0.1243,0.0939,191,2783,,,,,,,
4200305504,0.7013,0.0338,0.0126,0.0485,0.1377,74,773,,,,,,,
4200305520,0.6239,0.189,0.0,0.0284,0.1587,20,167,,,,,,,
4200306064,0.6448,0.0961,0.0061,0.1835,0.0543,498,13223,,,,,,,
4200307000,0.4332,0.1035,0.2706,0.0513,0.0854,44,714,,,,,,,
4200307976,0.5878,0.1095,0.0329,0.124,0.1201,153,1526,,,,,,,
4200307992,0.1937,0.1443,0.2555,0.0688,0.2987,859,1913,,,,,,,
4200308008,0.3257,0.0903,0.0182,0.3746,0.1912,398,1124,,,,,,,
4200308064,0.825,0.002,0.0,0.0675,0.1005,47,550,,,,,,,
4200308416,0.7045,0.0954,0.0007,0.1368,0.0608,143,3813,,,,,,,
4200308624,0.6315,0.104,0.0201,0.0538,0.1485,256,2426,,,,,,,
4200311336,0.6265,0.1122,0.0176,0.0986,0.1098,290,3691,,,,,,,
4200311680,0.633,0.149,0.0125,0.1231,0.0636,161,3364,,,,,,,
4200312496,0.6686,0.0712,0.0125,0.094,0.1537,99,492,,,,,,,
4200313392,0.6548,0.0981,0.0416,0.0261,0.1292,44,901,,,,,,,
4200313608,0.4392,0.2634,0.0,0.156,0.1382,64,1626,,,,,,,
4200313704,0.2503,0.0324,0.2872,0.1938,0.1903,1241,5026,,,,,,,
4200315216,0.3486,0.0916,0.037,0.2346,0.2775,669,5169,,,,,,,
4200316144,0.4422,0.1363,0.0866,0.1313,0.1954,337,2752,,,,,,,
4200316848,0.5642,0.0804,0.0011,0.2207,0.1316,278,2430,,,,,,,
4200317048,0.4885,0.0513,0.0336,0.0271,0.2877,169,1326,,,,,,,
4200319576,0.7286,0.0664,0.0016,0.176,0.0251,58,3216,,,,,,,
4200319856,0.2332,0.0936,0.0589,0.1167,0.272,198,902,,,,,,,
4200320432,0.2409,0.1132,0.0776,0.1033,0.2345,1117,3514,,,,,,,
4200321024,0.2731,0.0249,0.0907,0.0493,0.4264,190,951,,,,,,,
4200321444,0.5739,0.0563,0.0101,0.1019,0.2578,273,1204,,,,,,,
4200321712,0.2784,0.0707,0.1291,0.1278,0.2517,146,820,,,,,,,
4200322520,0.6223,0.1407,0.0,0.1561,0.0471,65,1380,,,,,,,
4200322576,0.5953,0.0215,0.0,0.1902,0.1622,43,712,,,,,,,
4200322992,0.524,0.0916,0.0505,0.1534,0.143,129,759,,,,,,,
4200323000,0.2892,0.0956,0.0082,0.138,0.3143,1127,7012,,,,,,,
4200323616,0.444,0.0711,0.0413,0.2025,0.1841,190,1175,,,,,,,
4200324160,0.4066,0.1331,0.1337,0.0631,0.1345,191,1694,,,,,,,
4200325400,0.4434,0.0773,0.004,0.0188,0.3771,352,1386,,,,,,,
4200325904,0.1311,0.0865,0.0231,0.4038,0.3112,497,3889,,,,,,,
4200326592,0.7065,0.0723,0.0005,0.1256,0.0946,250,3290,,,,,,,
4200326896,0.2607,0.1429,0.0223,0.0077,0.2742,579,2234,,,,,,,
4200327120,0.7118,0.0834,0.0004,0.1297,0.0693,143,2173,,,,,,,
4200327552,0.6173,0.0398,0.002,0.0855,0.1587,297,5981,,,,,,,
4200327608,0.3891,0.0704,0.0023,0.0223,0.3928,350,957,,,,,,,
4200329432,0.3668,0.0497,0.0805,0.2227,0.2396,447,2511,,,,,,,
4200329592,0.2528,0.0302,0.0,0.0382,0.54,78,184,,,,,,,
4200329732,0.6059,0.0121,0.0567,0.0609,0.2182,31,275,,,,,,,
4200331256,0.5163,0.2126,0.0325,0.0942,0.105,191,2332,,,,,,,
4200332328,0.6209,0.0691,0.0129,0.1211,0.1307,923,8252,,,,,,,
4200332624,0.1779,0.1592,0.1448,0.1109,0.2691,218,1807,,,,,,,
4200332832,0.2965,0.0896,0.1172,0.1863,0.2742,707,5301,,,,,,,
4200333312,0.5579,0.1324,0.0341,0.0155,0.2093,23,75,,,,,,,
4200333592,0.589,0.1262,0.1058,0.0841,0.0946,73,696,,,,,,,
4200335424,0.2806,0.4428,0.0038,0.0903,0.1522,331,1597,,,,,,,
4200336808,0.4499,0.04,0.0146,0.0931,0.2591,449,3636,,,,,,,
4200337000,0.7833,0.0533,0.0028,0.0727,0.0847,195,1476,,,,,,,
4200337955,0.4167,0.0461,0.0232,0.1054,0.344,952,6161,,,,,,,
4200339312,0.4443,0.1251,0.011,0.0837,0.305,355,4171,,,,,,,
4200339624,0.258,0.0766,0.0052,0.0645,0.4791,136,516,,,,,,,
4200342368,0.4123,0.021,0.0023,0.1901,0.263,101,739,,,,,,,
4200342392,0.1634,0.1588,0.4327,0.0653,0.1104,137,762,,,,,,,
4200343064,0.3894,0.0064,0.0207,0.1374,0.3476,142,1340,,,,,,,
4200343408,0.2989,0.019,0.0159,0.1014,0.4475,207,744,,,,,,,
4200345900,0.487,0.0719,0.0004,0.3536,0.0718,623,11356,,,,,,,
4200346072,0.2314,0.0122,0.0549,0.5865,0.1124,63,318,,,,,,,
4200346256,0.3681,0.1175,0.0818,0.1657,0.2297,3497,11472,,,,,,,
4200346264,0.3665,0.1632,0.1603,0.0888,0.164,460,2939,,,,,,,
4200347696,0.5464,0.094,0.0143,0.1204,0.1539,307,4532,,,,,,,
4200349920,0.4434,0.1038,0.0223,0.1128,0.2427,303,1914,,,,,,,
4200350528,0.3549,0.1786,0.0489,0.1963,0.2002,962,11641,,,,,,,
4200350784,0.2679,0.0665,0.0054,0.5002,0.1574,702,10779,,,,,,,
4200351696,0.7382,0.049,0.0005,0.174,0.0371,380,12138,,,,,,,
4200351744,0.6432,0.0874,0.0069,0.1745,0.0835,144,1486,,,,,,,
4200352320,0.5265,0.0809,0.0322,0.1788,0.1739,399,4992,,,,,,,
4200353136,0.0527,0.2555,0.4109,0.1185,0.1297,126,716,,,,,,,
4200354816,0.29,0.2049,0.1606,0.1127,0.1749,1080,3369,,,,,,,
4200355016,0.3256,0.1104,0.0255,0.0497,0.3514,802,7449,,,,,,,
4200355488,0.2823,0.1458,0.0374,0.1175,0.3187,1543,6183,,,,,,,
4200355840,0.6828,0.0274,0.0704,0.0421,0.1754,125,784,,,,,,,
4200356088,0.6167,0.1218,0.0571,0.1185,0.0709,108,2901,,,,,,,
4200356384,0.5336,0.0966,0.057,0.176,0.1212,391,4363,,,,,,,
4200356392,0.5189,0.1226,0.0087,0.0886,0.2289,192,3086,,,,,,,
4200359032,0.4611,0.1383,0.0555,0.0985,0.2079,2322,20777,,,,,,,
4200359152,1.0,0.0,0.0,0.0,0.0,0,501,,,,,,,
4200360272,0.6563,0.0563,0.0004,0.0559,0.1756,316,5946,,,,,,,
4200360712,0.4769,0.0264,0.0019,0.2451,0.247,265,1473,,,,,,,
4200361328,0.5025,0.1808,0.011,0.1968,0.0904,141,3447,,,,,,,
4200361536,0.3594,0.0985,0.0253,0.1045,0.2622,1075,11800,,,,,,,
4200362320,0.4449,0.0592,0.0364,0.176,0.2531,329,2084,,,,,,,
4200363408,0.2699,0.0243,0.0614,0.2985,0.2495,234,900,,,,,,,
4200364240,0.4959,0.0478,0.0169,0.0963,0.3369,328,1875,,,,,,,
4200364528,0.5241,0.0857,0.0143,0.1002,0.1947,1046,5797,,,,,,,
4200365352,0.4198,0.2267,0.0249,0.0737,0.205,643,6723,,,,,,,
4200366264,0.5478,0.1422,0.0106,0.1303,0.1594,1414,14694,,,,,,,
4200366320,0.3953,0.0642,0.0924,0.1753,0.2195,29,271,,,,,,,
4200368388,0.5362,0.1291,0.03,0.1221,0.1277,389,6903,,,,,,,
4200369376,0.5268,0.0636,0.0056,0.2592,0.0837,94,1700,,,,,,,
4200369400,0.4412,0.043,0.0,0.2453,0.1415,92,444,,,,,,,
4200369416,0.5547,0.0119,0.0,0.1164,0.2002,39,343,,,,,,,
4200369584,0.6687,0.0505,0.0134,0.142,0.1063,928,13071,,,,,,,
4200369776,0.2973,0.246,0.1215,0.0868,0.1257,145,1535,,,,,,,
4200372160,0.4483,0.0799,0.06,0.0836,0.2803,815,8287,,,,,,,
4200372400,0.3442,0.0339,0.0253,0.3789,0.1983,717,6502,,,,,,,
4200372568,0.186,0.0093,0.0,0.1376,0.5593,102,269,,,,,,,
4200372960,0.3895,0.1574,0.1854,0.0805,0.1263,149,1636,,,,,,,
4200372968,0.2399,0.0215,0.0042,0.1087,0.1889,135,981,,,,,,,
4200374648,0.273,0.1279,0.1239,0.1365,0.2335,614,3480,,,,,,,
4200375816,0.5387,0.0617,0.0221,0.1867,0.1193,437,4045,,,,,,,
4200376104,0.4095,0.0607,0.0615,0.1747,0.2724,335,2178,,,,,,,
4200376560,0.5125,0.0876,0.0214,0.1767,0.1568,33,244,,,,,,,
4200377272,0.0847,0.0568,0.089,0.0,0.7462,15,49,,,,,,,
4200377912,0.5449,0.045,0.0577,0.1,0.1751,349,2291,,,,,,,
4200379274,0.6185,0.0942,0.0036,0.1994,0.0806,335,7864,,,,,,,
4200380032,0.4171,0.188,0.1747,0.0588,0.1034,92,1100,,,,,,,
4200380040,0.3708,0.1096,0.068,0.1733,0.1389,106,753,,,,,,,
4200380600,0.2374,0.0275,0.0051,0.173,0.3434,219,863,,,,,,,
4200382800,0.4256,0.0629,0.0118,0.0813,0.2364,795,6501,,,,,,,
4200382848,0.317,0.2169,0.2627,0.0337,0.0982,59,325,,,,,,,
4200383200,0.3412,0.2545,0.0966,0.0429,0.1848,283,1351,,,,,,,
4200383512,0.2533,0.1854,0.1038,0.1962,0.1954,1176,9913,,,,,,,
4200384144,0.665,0.1066,0.0053,0.0733,0.1489,405,3055,,,,,,,
4200384440,0.5119,0.1105,0.0009,0.0735,0.2686,160,750,,,,,,,
4200384512,0.6921,0.126,0.0034,0.1022,0.0606,182,5694,,,,,,,
4200384704,0.3695,0.0761,0.0024,0.2786,0.2613,641,4030,,,,,,,
4200385184,0.5052,0.1173,0.0161,0.107,0.2114,662,3400,,,,,,,
4200385188,0.5587,0.1079,0.0105,0.166,0.1314,1096,7193,,,,,,,
4200385496,0.2842,0.1887,0.1046,0.1056,0.2237,122,892,,,,,,,
